,0.6_4,0.6_24,0.6_72,3.0_4,3.0_24,3.0_72
Rv0001,,,,,,
Rv0002,,,,,,
Rv0003,,,,,,
Rv0004,,,,,,
Rv0005,,,,,,
Rv0006,,,,,,
Rv0007,,,,,,
Rv0008c,,,,,-1.08222211,
Rv0009,,,,,-1.94725121,
Rv0010c,,,,,,
Rv0011c,,,,,,
Rv0012,,,,,,
Rv0013,,,,,-1.44616052,
Rv0014c,,,,,,
Rv0015c,,,,,,
Rv0016c,,,,,,
Rv0017c,,,,,,
Rv0018c,,,,,,
Rv0019c,,,,,,
Rv0020c,,,,,,
Rv0021c,,,,,,
Rv0022c,,,,,,-2.011685859
Rv0023,,,,,,
Rv0024,,,,,,
Rv0025,,,,,,
Rv0026,,,,,-1.169236755,
Rv0027,,,,,,
Rv0028,,,,,,
Rv0029,,,,,,
Rv0030,,,,,,
Rv0032,,,-1.101952509,,,
Rv0033,,,-1.213241027,,,-1.40008196
Rv0034,,,-1.130365637,,-1.013257856,-1.471865959
Rv0035,,,-1.210397514,,,-1.712691118
Rv0036c,,,,,,
Rv0037c,,1.117095619,,,,
Rv0038,,,,,,
Rv0039c,,,,,,
Rv0040c,,,-1.752323677,,-1.40459357,-2.931088307
Rv0041,,,,,,
Rv0042c,,,,,-1.86987101,-1.232461241
Rv0043c,,,,,,
Rv0044c,,,,,-1.087738219,
Rv0045c,,,,,,1.403420951
Rv0046c,,,,,,
Rv0047c,,,,,,
Rv0048c,,,,,,
Rv0049,,,,,,
Rv0050,,,,,,
Rv0051,,,,,,
Rv0052,,,,,,
Rv0053,,-1.063696863,,,-1.457786534,
Rv0054,,,,,-1.430303533,
Rv0055,,,,,-1.229814474,
Rv0056,,,,,-1.307417187,
Rv0057,,-1.59120959,,,-1.939184693,
Rv0058,,,,,-1.832228619,-1.070329591
Rv0059,,,,,-1.769436897,-1.276483402
Rv0060,,,,,-1.52754505,
Rv0061c,,,,,,
Rv0062,,-1.239265795,,,-2.244331228,
Rv0063,,,,,-1.93485287,
Rv0064,,,,,,
Rv0064A,,,,,,
Rv0065,,,,,,
Rv0066c,,,,,,
Rv0067c,,,,,,
Rv0068,,1.07341926,,,,
Rv0069c,,,,,-1.381872599,-1.495698469
Rv0070c,,,,,-1.488968282,-1.36303109
Rv0071,,,,,-1.359310099,
Rv0072,,,,,-1.276745633,
Rv0073,,,,,,
Rv0074,,,,,,
Rv0075,,,,,,
Rv0076c,,,,,,
Rv0077c,,1.832891758,,,1.82886392,
Rv0078,,,,,-1.390563886,
Rv0078A,,,,,,
Rv0078B,,,,,,
Rv0079,,,-1.094014649,,-1.226220608,-3.435757822
Rv0080,,,,,,-1.48932762
Rv0081,,,,-1.001739125,-1.530475941,-2.65957381
Rv0082,,,,,-1.332013269,-2.191816025
Rv0083,,,,,,-1.26108861
Rv0084,,,,,,
Rv0085,,,,,,-1.04937894
Rv0086,,,,,,-1.145343731
Rv0087,,,,,,-1.032713357
Rv0088,,,,,-2.00953993,
Rv0089,,,,,-1.439355847,
Rv0090,,,,,-1.329634736,
Rv0091,,,,,,
Rv0092,,,,,,
Rv0093c,,,,,,
Rv0094c,,,,,-1.553336595,
Rv0095c,,,,,,
Rv0096,,,,,-1.102735477,
Rv0097,,,,,,
Rv0098,,,,,,
Rv0099,,,,,,
Rv0100,,,,,-1.224864593,
Rv0101,,,,,-1.282435976,
Rv0102,,,,,-1.551051146,
Rv0103c,,,,,,
Rv0104,,,-2.068995306,,,-2.009553898
Rv0105c,,-2.263183949,,-1.033001939,-3.415651625,
Rv0106,,,-1.222758552,,-2.330514629,
Rv0107c,,1.296227235,,,,-1.012725013
Rv0108c,,1.288941163,,,,-1.468966317
Rv0109,,,,,,
Rv0110,,,,,-1.308300254,
Rv0111,,-1.484244984,,,-2.962662172,-1.361068
Rv0112,,,,,,
Rv0113,,,,,,
Rv0114,,,,,,
Rv0115,,,,,,
Rv0116c,,,,,,
Rv0117,,,,,,
Rv0118c,,,,,,
Rv0119,,,,,,-1.02645069
Rv0120c,,,,,,
Rv0121c,,,,,-1.313439793,
Rv0122,,,,,,
Rv0123,,,,,,
Rv0124,,,,,,
Rv0125,,,,,,
Rv0126,,,,,,
Rv0127,,,,,,
Rv0128,,,,,,
Rv0129c,,,,,-1.975130273,-1.302441241
Rv0130,,,,,-1.598078957,
Rv0131c,,,,,,
Rv0132c,,1.538183682,,,,
Rv0133,,,,,,
Rv0134,,,,,,
Rv0135c,,,,,,1.627647961
Rv0136,,,,,1.524032139,
Rv0137c,,,,,,
Rv0138,,,,,-1.534190769,
Rv0139,,,,,-1.395346003,-1.322514375
Rv0140,,,,,-1.154878714,
Rv0141c,,,,,,
Rv0142,,1.457866046,,,,
Rv0143c,,,,,,
Rv0144,,,,,,-1.708693988
Rv0145,,1.047410073,,,1.003109595,
Rv0146,,1.908917257,,,1.809150288,1.770631046
Rv0147,,1.383473691,,,1.130710711,
Rv0148,,1.389839543,,,1.017899918,
Rv0149,,1.231097785,,,,
Rv0150c,,,,,-1.254120605,
Rv0151c,,,,,,
Rv0152c,,,,,,
Rv0153c,,,,,,
Rv0154c,,,,,,
Rv0155,,-1.93645216,-1.150840838,,-2.98047916,-1.22630075
Rv0156,,-2.285994237,-1.575214827,,-3.4612399,-1.596169324
Rv0157,,-1.614656987,,,-2.690780319,-1.497570421
Rv0157A,,,,,,
Rv0158,,,,,-1.675518928,
Rv0159c,,,,,-1.513353559,
Rv0160c,,,,,,
Rv0161,,,,,-1.335027375,
Rv0162c,,,,,,
Rv0163,,,,,,
Rv0164,,,,,-1.894160976,
Rv0165c,,,-3.907801906,,-1.536014896,-4.629230249
Rv0166,,,-3.31068788,,-1.232108404,-4.415054257
Rv0167,,,-2.875850405,,-1.850337268,-4.311584112
Rv0168,,,-2.42953503,,-1.505122042,-3.818467096
Rv0169,,,-2.155031624,,-1.591986176,-3.48766938
Rv0170,,,-1.941502423,,-1.565371772,-3.262112465
Rv0171,,,-1.559722722,,-1.355472597,-2.890618338
Rv0172,,,-1.668082391,,-1.400955806,-3.218694254
Rv0173,,,-1.586038218,,-1.381851003,-3.141153179
Rv0174,,,-1.197585617,,-1.154562041,-2.40965577
Rv0175,,,,,,
Rv0176,,,,,,
Rv0177,,,,,,
Rv0178,,,,,,
Rv0179c,,,,,-1.92936456,
Rv0180c,,,,,,
Rv0181c,,,,,,
Rv0182c,,,,,,
Rv0183,,,,,-2.058223433,-1.028000402
Rv0184,,,,,-2.03432366,-1.158856681
Rv0185,,,,,-1.719913861,-1.062400193
Rv0186,,,,,-1.535493825,
Rv0186A,,,,,-1.304307182,
Rv0187,,,,,-1.574537304,
Rv0188,,,,,,
Rv0189c,,,,,,
Rv0190,,,,,,
Rv0191,,,,,,
Rv0192,,,,,,
Rv0193c,,,,,,
Rv0194,,,,,,
Rv0195,,,,,-1.094972706,
Rv0196,,,,,-1.299251968,
Rv0197,,,,,,
Rv0198c,,,,,,
Rv0199,,,,,-1.829870595,
Rv0200,,,,,-1.527132014,
Rv0201c,,,,,,
Rv0202c,,,,,,
Rv0203,,,,,-1.460454329,
Rv0204c,,,,,,
Rv0205,,,,,-1.441443639,-1.076161406
Rv0206c,,,,,,
Rv0207c,,,,,,
Rv0208c,,,-1.006357065,,,
Rv0209,,,,,,
Rv0210,,,,,,
Rv0211,,2.523418576,,,2.630993591,3.775060474
Rv0212c,,,,,,
Rv0213c,,,,,-1.378825815,
Rv0214,,-1.077006396,,,-2.419235541,
Rv0215c,,,,,-1.523620967,
Rv0216,,,,,-1.14730973,-1.212056049
Rv0217c,,,,,-1.501597912,
Rv0218,,,,,-1.121201149,
Rv0219,,,,,-1.361876534,
Rv0220,,,,,-1.971989522,-1.274302287
Rv0221,,-1.047323751,,,-2.003046242,
Rv0222,,,,,-1.716198805,-1.365135645
Rv0223c,,,,,,
Rv0224c,,,,,,-1.220659553
Rv0225,,,,,-1.459755675,-1.521102575
Rv0226c,,,,,,
Rv0227c,,,,,,-1.012564444
Rv0228,,,,,,
Rv0229c,,,,,,-1.081821748
Rv0230c,,,,,,
Rv0231,,,,,,-1.523998292
Rv0232,,,-1.524300298,,,-2.153168303
Rv0233,,,-1.607076474,,,-1.920266874
Rv0234c,,,,,-1.18875122,
Rv0235c,,,,,-1.767074185,
Rv0236A,,,,,-1.197833669,
Rv0236c,,,,,-1.045742879,-1.253276968
Rv0237,,-1.378839904,,,-2.642861942,-1.731383003
Rv0238,,,,,,
Rv0239,,,,,,
Rv0240,,,,,,
Rv0241c,,,-1.364932017,,,-1.278315151
Rv0242c,,,-1.64256759,,,-1.895931139
Rv0243,,,-1.429814449,,,-1.487157455
Rv0244c,,1.594982429,,,1.732803761,3.384843662
Rv0245,,1.976299051,,,2.138397289,2.764961606
Rv0246,,,,,,
Rv0247c,,,,,,
Rv0248c,,,,,,
Rv0249c,,,,,-1.231224986,
Rv0250c,,,-2.376114637,,-1.676978758,-2.188905387
Rv0251c,,1.115780174,,,,2.398884398
Rv0252,,1.509023506,,,,
Rv0253,,1.090789755,,,,
Rv0254c,,,,,,
Rv0255c,,,,,,
Rv0256c,,,,,,
Rv0257,,,,,-1.111439717,
Rv0258c,,,,,-1.704389321,
Rv0259c,,,,,-1.107378659,
Rv0260c,,1.909652903,,,,
Rv0261c,,,,,,
Rv0262c,,,,,,
Rv0263c,,1.037528101,,,,
Rv0264c,,,,,,
Rv0265c,,,,,,
Rv0266c,,,,,,
Rv0267,,,,,,
Rv0268c,,1.46884631,,,1.025699136,
Rv0269c,,,,,,
Rv0270,,,,,,-1.151120205
Rv0271c,,1.511279182,,,1.099522396,
Rv0272c,,,,,,
Rv0273c,,,,,,
Rv0274,,,,,,
Rv0275c,,1.053144961,,,,1.532504823
Rv0276,,2.223714929,,,2.121456378,
Rv0277A,,,,,,
Rv0277c,,,,,,
Rv0278c,,,,,,
Rv0279c,,,,,,1.437844154
Rv0280,,-2.292859207,-3.581611795,,-4.356885432,-4.156520684
Rv0281,,,,,,
Rv0282,,,,,,
Rv0283,,1.504459261,,,1.441887867,1.067054859
Rv0284,,1.361880137,,,1.367787981,
Rv0285,,1.832620222,,,1.865344433,
Rv0286,,1.684954212,,,1.591632537,
Rv0287,,1.948554621,,,1.698775717,
Rv0288,,1.685684073,,,1.257111055,
Rv0289,,1.885252461,,,1.601052428,
Rv0290,,1.959946855,,,1.694302942,
Rv0291,,1.831301314,,,1.700300548,
Rv0292,,1.956642208,,,1.747790966,
Rv0293c,,,,,,
Rv0294,,,,,,
Rv0295c,,,,,-1.921280009,-1.3066942
Rv0296c,,,,,-2.29831489,-1.349956989
Rv0297,,,,,,
Rv0298,,,,,,
Rv0299,,,,,-1.110689553,-1.433913209
Rv0300,,,,,,
Rv0301,,,,,-1.228252965,
Rv0302,,,,,,
Rv0303,,,,,,
Rv0304c,,,,,,
Rv0305c,,,,,,
Rv0306,,,,,-1.506989215,
Rv0307c,,,,,,
Rv0308,,,,,-1.984480044,
Rv0309,,,,,-1.954203708,-1.098637512
Rv0310c,,,,,-2.310830132,
Rv0311,,,,,,
Rv0312,,,,,-1.309406763,-1.341761061
Rv0313,,,,,,
Rv0314c,,,,,,-1.473655499
Rv0315,,-1.915118771,-1.455147502,,-2.822787688,-2.140893092
Rv0316,,-1.54472602,,,-2.296408384,-1.286045348
Rv0317c,,,,,,
Rv0318c,,,,,,
Rv0319,,,,,,
Rv0320,,,-1.706620687,,-1.186808301,-2.571909664
Rv0321,,,,,,
Rv0322,,,,,,
Rv0323c,,,,,,
Rv0324,,,,,,
Rv0325,,,,,,
Rv0326,,,,,,
Rv0327c,,,,,,
Rv0328,,,,,,
Rv0329c,,,,,-1.467620388,
Rv0330c,,,,,-1.044287616,
Rv0331,,,,,,
Rv0332,,,,,,
Rv0333,,,,,,
Rv0334,,,,,,
Rv0335c,,,,,,
Rv0336,,,,,,
Rv0337c,,,,,-2.289014694,
Rv0338c,,-1.022529482,,,-3.145115001,
Rv0339c,,,,,,
Rv0340,,,,,,
Rv0341,,1.449859641,,,,-1.167042394
Rv0342,,,,,,
Rv0343,,,,,,
Rv0344c,,-1.792513105,,,-3.432942129,-1.472669223
Rv0345,,,,,,
Rv0346c,,,-1.407246671,,-1.662132473,-2.336823858
Rv0347,,,,,,
Rv0348,,,,,,
Rv0349,,,,,,
Rv0350,,,,,-1.463738317,
Rv0351,,,,,-1.094943047,
Rv0352,,,,,-1.264819401,
Rv0353,,,,,,
Rv0354c,,1.124702795,,,,
Rv0355c,,,,,,
Rv0356c,,,,,,
Rv0357c,,,,,,
Rv0358,,,,,,
Rv0359,,,,,,
Rv0360c,,,-1.873059276,,-1.631158353,-2.227730265
Rv0361,,1.1248045,,,,
Rv0362,,,,,,
Rv0363c,,,,,,
Rv0364,,,,,-1.508951532,
Rv0365c,,,,,,
Rv0366c,,,,,,
Rv0367c,,,,,,
Rv0368c,,,,,,
Rv0369c,,,,,,
Rv0370c,,,,,,
Rv0371c,,,,,,
Rv0372c,,,,,,
Rv0373c,,,,,,
Rv0374c,,,,,,
Rv0375c,,,,,,
Rv0376c,,,,,,
Rv0377,,,,,,
Rv0378,,,,,-1.671346833,
Rv0379,,,,,-1.362935733,-1.124110588
Rv0380c,,,,,,
Rv0381c,,,,,,
Rv0382c,,,,,,
Rv0383c,,,,,,
Rv0384c,,1.067681801,,,,
Rv0385,,,,,,
Rv0386,,,1.081689824,,,
Rv0387c,,,,,,
Rv0389,,,,,,
Rv0390,,,,,-1.24203107,
Rv0391,,,,,,
Rv0392c,,,,,,
Rv0393,,,,,,
Rv0394c,,,,,,
Rv0395,,,,,,
Rv0396,,,,,,
Rv0397,,,,,,
Rv0397A,,,,,,
Rv0398c,,,,,,
Rv0399c,,,,,,
Rv0400c,,,,,,
Rv0401,,,,,,
Rv0402c,,,,,-2.372094944,-1.162161571
Rv0403c,,-1.046957797,,,-2.242250159,-1.541585569
Rv0404,,-1.069440785,,,-2.632125754,-1.005526743
Rv0405,,-1.140164104,,,-2.20799184,-1.050799086
Rv0406c,,,,,,
Rv0407,,,,,,
Rv0408,,,,,,
Rv0409,,,,,,
Rv0410c,,,,,,
Rv0411c,,,,,,
Rv0412c,,,,,,
Rv0413,,,,,,
Rv0414c,,,,,,
Rv0415,,,,,,1.172325738
Rv0416,,,,,,
Rv0417,,,,,,
Rv0418,,,,,-1.791009214,
Rv0419,,,,,-1.160925634,
Rv0420c,,,,,-1.141266212,
Rv0421c,,,,,,
Rv0422c,,,,,,
Rv0423c,,,,,,
Rv0424c,,,,,,
Rv0425c,,,,,,
Rv0426c,,,,,,
Rv0427c,,,,,-1.603219857,
Rv0428c,,,,,-1.835280211,
Rv0429c,,,,,-2.114786895,
Rv0430,,-1.144849498,,,-2.846281314,-1.142066757
Rv0431,,-1.100532015,,,-2.385202537,
Rv0432,,,,,-1.49595292,
Rv0433,,,,,-1.315306273,
Rv0434,,,,,,
Rv0435c,,,,,,
Rv0436c,,,,,,
Rv0437c,,,,,,
Rv0438c,,,,,-1.115155349,
Rv0439c,,,,,-1.541796882,
Rv0440,,,,,,
Rv0441c,,,,,,
Rv0442c,,,,,,
Rv0443,,,,,,
Rv0444c,,,,,-1.060489511,
Rv0445c,,,,,-1.268170843,
Rv0446c,,,,,-1.225289062,-1.176382297
Rv0447c,,,,,,
Rv0448c,,2.100330878,,,1.774810368,
Rv0449c,,2.630857313,,,2.697152515,2.224917962
Rv0450c,,2.558784152,,,2.691235604,2.559627673
Rv0451c,,2.360413593,,,2.930343586,2.710081417
Rv0452,,,,,1.925782124,2.778820814
Rv0453,,1.109373084,,,1.304549569,
Rv0455c,,,,,,
Rv0456A,,,,,,
Rv0456B,,,,,,
Rv0456c,,,,,,
Rv0457c,,,,,,
Rv0458,,,-1.876533421,,-1.04042431,-2.117550281
Rv0459,,,-1.801574531,,,-2.309687927
Rv0460,,,,,-1.206575825,
Rv0461,,,,,,
Rv0462,,,,,,
Rv0463,,,,,,
Rv0464c,,1.18996907,,,1.448500541,1.672359039
Rv0465c,,1.842724439,,,2.254355648,2.929214142
Rv0466,,,,,,
Rv0467,,2.683175752,,,2.781788253,4.950185125
Rv0468,,2.020279696,,,2.154051267,3.008346847
Rv0469,,,,,,
Rv0470A,,,,,,
Rv0470c,,,,,,
Rv0471c,,,,,,
Rv0472c,,,,,,
Rv0473,,,,,,
Rv0474,,,,,,
Rv0475,,1.386628231,,,,
Rv0476,,,,,,
Rv0477,,,,,,
Rv0478,,,,,,
Rv0479c,,,,,,
Rv0480c,,,,,,
Rv0481c,,,,,,
Rv0482,,,,,,
Rv0483,,,,,,
Rv0484c,,,,,,
Rv0485,,,,,,2.157451247
Rv0486,,,,,,
Rv0487,,1.184152575,,,1.048530679,
Rv0488,,,,,,
Rv0489,,,,,-1.43317039,
Rv0490,,,,,,
Rv0491,,,,,,1.048115639
Rv0492A,,,,,-1.121799642,
Rv0492c,,,,,,
Rv0493c,,,,,,
Rv0494,,,,,,
Rv0495c,,,,,,
Rv0496,,,,,,
Rv0497,,,,,,
Rv0498,,,,,,
Rv0499,,,,,,
Rv0500,,,,,-1.300626985,
Rv0500A,,,,,,-1.297643528
Rv0501,,,,,,
Rv0502,,,,,,
Rv0503c,,,-1.182029364,,-1.550372149,-1.465231511
Rv0504c,,,,,-1.125487552,
Rv0505c,,,,,,
Rv0506,,,,,-1.139760137,
Rv0507,,,,,-1.067755753,
Rv0508,,,,,,
Rv0509,,,,,,
Rv0510,,,,,,
Rv0511,,,,,,
Rv0512,,,,,,
Rv0513,,,,,,
Rv0514,,,,,,
Rv0515,,,,,,
Rv0516c,,2.753219642,,,1.91133244,
Rv0517,,1.286156228,,,,
Rv0518,,,,,-1.135480952,
Rv0519c,,,,,-2.434572478,
Rv0522,,,,,,
Rv0523c,,,,,,
Rv0524,,,,,,
Rv0525,,,,,,
Rv0526,,,,,,
Rv0527,,,,,,
Rv0528,,,,,,
Rv0529,,,,,,
Rv0530,,,,,,
Rv0530A,,,,,,
Rv0531,,,,,,
Rv0532,,,,,,
Rv0533c,,,,,,
Rv0534c,,,,,-1.097833651,
Rv0535,,,,,,
Rv0536,,,,,,
Rv0537c,,,,,,
Rv0538,,,,,,
Rv0539,,,,,,
Rv0540,,,,,,
Rv0541c,,,,,,
Rv0542c,,,,,,
Rv0543c,,,,,,
Rv0544c,,,,,,
Rv0545c,,,,,,
Rv0546c,,,,,-1.26682328,
Rv0547c,,,,,,
Rv0548c,,,,,,
Rv0549c,,,,,,
Rv0550c,,,,,,
Rv0551c,,,,,-1.204818268,
Rv0552,,,,,,
Rv0553,,,,,,
Rv0554,,,,,-1.200801909,
Rv0555,,,,,,
Rv0556,,,,,,
Rv0557,,,,,,
Rv0558,,,,,,
Rv0559c,,,,,,
Rv0560c,,,,,,1.539052425
Rv0561c,,,,,,
Rv0562,,,,,,
Rv0563,,,,,,
Rv0564c,,,,,,
Rv0565c,,,,,,
Rv0566c,,,,,,
Rv0567,,,,,,
Rv0568,,,,,,
Rv0569,,,,,,
Rv0570,,,,,,
Rv0571c,,,,,,
Rv0572c,,,,,-1.975107319,
Rv0573c,,,,,,
Rv0574c,,,,,,
Rv0575c,,,,,,
Rv0576,,,,,,
Rv0577,,,,,,
Rv0578c,,,,,,
Rv0579,,,,,,
Rv0580c,,,,,,
Rv0581,,,,,,
Rv0582,,,,,-1.111431968,-1.138164595
Rv0583c,,,,,-1.719861747,
Rv0584,,,,,-1.29096353,
Rv0585c,,,,,,
Rv0586,,,,,-1.023585428,-1.190212272
Rv0587,,,,-1.315975878,-1.581631094,
Rv0588,,,,-1.208864786,-1.072334125,
Rv0589,,,,-1.10213964,-1.320012964,
Rv0591,,,,,,
Rv0592,,,,,-1.227442983,
Rv0593,,,,,-1.173727522,
Rv0594,,,,,,
Rv0595c,,,,,-1.414281126,-1.311241377
Rv0596c,,,,,-1.3316594,
Rv0597c,,-1.081813689,,,-2.201812049,-1.522942614
Rv0598c,,-1.542629113,,,-2.672446595,-1.462676942
Rv0599c,,-1.229802644,,,-2.138070244,-1.274456769
Rv0600c,,,,,,
Rv0601c,,,,,-1.084170541,
Rv0602c,,,,,,
Rv0603,,,,,,
Rv0604,,,,,,
Rv0605,,,,,-1.26746863,
Rv0607,,,,,,
Rv0608,,,,,-1.101928527,-1.433815612
Rv0609,,,,,-1.024527597,-1.380841555
Rv0609A,,,,,-1.069319738,
Rv0610c,,,,,,
Rv0611c,,,,,,
Rv0612,,,,,,
Rv0613c,,,,,,
Rv0614,,,,,-1.053147518,
Rv0615,,,,,,1.153133638
Rv0616A,,,,,-1.070720423,
Rv0617,,,,,-1.101091858,
Rv0618,,,,,-1.189917749,
Rv0620,,,1.489099219,,,
Rv0621,,,,,,
Rv0622,,,,,,
Rv0623,,,,,,
Rv0624,,,,,,
Rv0625c,,,,,,
Rv0626,,,,,-1.281072395,
Rv0627,,,,,-1.048884192,
Rv0628c,,,,,,
Rv0629c,,,,,,
Rv0630c,,,,,,
Rv0631c,,,,,,
Rv0632c,,,,,-1.314101388,
Rv0633c,,,,,,
Rv0634A,,,,,-1.008232325,
Rv0634B,,,,,-1.280529294,
Rv0634c,,,,,,
Rv0635,,,,,,
Rv0636,,,,,,
Rv0637,,,,,,
Rv0638,,,,,,
Rv0639,,,,,,
Rv0640,,,,,,
Rv0641,,,,,,
Rv0642c,,,,,-1.587656406,-1.163187935
Rv0643c,,,,,-1.399051671,
Rv0644c,,,,,-1.12961914,
Rv0645c,,,,,-1.120804833,
Rv0646c,,,,,-1.455505764,
Rv0647c,,,,,-1.706184431,
Rv0648,,,,,,
Rv0649,,-1.078539305,,,-1.216196387,
Rv0650,,,,,,
Rv0651,,-1.26599638,,,-1.914227689,
Rv0652,,,,,-1.33869476,
Rv0653c,,,,,,
Rv0654,,,,,,
Rv0655,,,-2.336379974,,,-2.562815302
Rv0656c,,,,,,
Rv0657c,,,,,,
Rv0658c,,,,,,
Rv0659c,,,,,,
Rv0660c,,,,,,
Rv0661c,,,,,,
Rv0662c,,,,,,
Rv0663,,,,,,
Rv0664,,,,,,
Rv0665,,,,,-1.061546879,
Rv0666,,,,,-1.351068423,
Rv0667,,,,,,
Rv0668,,,,,-1.319350838,
Rv0669c,,,,,-2.194164074,
Rv0670,,,,,,
Rv0671,,,,,,
Rv0672,,,,,,
Rv0673,,,,,,
Rv0674,,,,,,
Rv0675,,,,,,
Rv0676c,,2.206798785,,,2.575349552,2.197878273
Rv0677c,,1.828889089,,,2.406856223,
Rv0678,,2.161383552,,,3.026045592,
Rv0679c,,,,,,
Rv0680c,,,,,,
Rv0681,,,,,,
Rv0682,,,,,,
Rv0683,,,,,,
Rv0684,,,,,,
Rv0685,,,,,,
Rv0686,,,,,-1.054312923,
Rv0687,,,,,,
Rv0688,,,,,,
Rv0689c,,,,,-1.260252591,
Rv0690c,,,,,,
Rv0691A,,,,,,
Rv0691c,,,,,,
Rv0692,,,,,-1.003781036,-1.324284646
Rv0693,,,,,,-1.083635545
Rv0694,,,,,-1.100584546,-1.179169321
Rv0695,,,,,,-1.569206732
Rv0696,,,,,,-1.910532708
Rv0697,,,,,,-1.358973152
Rv0698,,,,,-1.794463411,
Rv0699,,-1.596144473,,,-2.289877443,
Rv0700,,,,,,
Rv0701,,,,,,-1.099918042
Rv0702,,,,,,-1.158966628
Rv0703,,,,,,
Rv0704,,,,,,-1.146578129
Rv0705,,,-1.007335186,,-1.212205669,-1.517640359
Rv0706,,,,,-1.101819781,-1.233265622
Rv0707,,,,,-1.216829177,-1.520789608
Rv0708,,,,,-1.41446846,-1.558600589
Rv0709,,,,,-1.637694539,-1.714040175
Rv0710,,,,,-1.733614816,-1.627157467
Rv0711,,2.113248964,,,2.17100562,2.29753392
Rv0712,,1.519870525,,,1.62553641,2.120384134
Rv0713,,,,,,
Rv0714,,,,,,
Rv0715,,,,,,
Rv0716,,,,,,
Rv0717,,,,,,
Rv0718,,,,,,-1.096795918
Rv0719,,,,,-1.124764636,-1.128957336
Rv0720,,,,,-1.036735081,
Rv0721,,,,,-1.126908046,-1.345691441
Rv0722,,,,,-1.002251307,-1.182689342
Rv0723,,,,,-1.481528353,-1.48887228
Rv0724,,,,,,
Rv0725c,,1.054287512,1.602063961,,,2.041393061
Rv0726c,,,,,,
Rv0727c,,,,,,
Rv0728c,,,,,,
Rv0729,,,,,,
Rv0730,,,,,,
Rv0731c,,,,,,
Rv0732,,,,,,
Rv0733,,,,,,
Rv0734,,,,,,
Rv0735,,,,,,
Rv0736,,,,,,
Rv0737,,,,,,
Rv0738,,,,,,
Rv0739,,,,,,
Rv0740,,,,,,
Rv0742,,,,,,
Rv0743c,,,,,-1.082971146,
Rv0744c,,,,,,
Rv0745,,,,,,
Rv0746,,,,,,
Rv0747,,,,,,2.231542082
Rv0748,,,,,-1.262582614,
Rv0749,,,,,-1.594700702,
Rv0749A,,,,,,
Rv0750,,,,,,
Rv0751c,,1.263739873,1.145860831,,,
Rv0752c,,1.421758357,,,,
Rv0753c,,1.345455214,,,,
Rv0754,,,,,,
Rv0755c,,,,,,
Rv0756c,,,,,,
Rv0757,,,,,,
Rv0758,,,,,,
Rv0759c,,,,,,
Rv0760c,,,,,,
Rv0761c,,,,,,
Rv0762c,,,,,,
Rv0763c,,,,,,
Rv0764c,,,,,,
Rv0765c,,,,,,
Rv0766c,,,,,,
Rv0767c,,,,,,
Rv0768,,,,,,
Rv0769,,,,,,
Rv0770,,,,,,1.057918034
Rv0771,,,,,,
Rv0772,,,,,,
Rv0773c,,,,,-1.718937031,-1.004664593
Rv0774c,,,,,-1.23920113,-1.07633934
Rv0775,,,,,,
Rv0776c,,,,,,
Rv0777,,,,,,
Rv0778,,,,,,
Rv0779c,,,,,-1.189842652,
Rv0780,,,,,-2.250920242,
Rv0783c,,,,,,
Rv0784,,,,,,
Rv0785,,,,,-1.48206678,
Rv0786c,,,,,,
Rv0787,,,,,-1.310985906,
Rv0787A,,,,,,
Rv0788,,,,,,
Rv0789c,,,,,,
Rv0790c,,,,,,
Rv0791c,,,,,,
Rv0792c,,,,,,
Rv0793,,,,,,
Rv0794c,,,,,,
Rv0797,,,,,,
Rv0798c,,,,,,
Rv0799c,,,,,,
Rv0800,,,,,-1.077795196,
Rv0801,,,,,,
Rv0802c,,,,,,
Rv0803,,,,,,
Rv0804,,,,,,
Rv0805,,,,,,
Rv0806c,,,,,,
Rv0807,,,,,,
Rv0808,,,,,,
Rv0809,,,,,,
Rv0810c,,,,,,
Rv0811c,,,,,,
Rv0812,,,,,,
Rv0813c,,,,,,1.157744482
Rv0814c,,,,,,
Rv0815c,,,,,,
Rv0816c,,,,,,
Rv0817c,,,,,-1.432126499,
Rv0818,,,,,,
Rv0819,,,,,,
Rv0820,,,,,,
Rv0821c,,,,,,
Rv0822c,,,,,,
Rv0823c,,,,,,
Rv0824c,,,,,,
Rv0825c,,,,,,
Rv0826,,,,,,
Rv0827c,,,,,,
Rv0828c,,,,,,
Rv0830,,1.045356623,,,,
Rv0831c,,,,,-1.588423351,
Rv0832,,,,,,
Rv0833,,,,,,
Rv0834c,,,,,2.220736146,2.452503015
Rv0835,,,,,,
Rv0836c,,,,,-1.030375459,
Rv0837c,,,,,,
Rv0838,,,,,,
Rv0839,,1.123976901,-1.579448854,,2.122816026,
Rv0840c,,,,,,
Rv0841,,,,,,
Rv0842,,,,,,
Rv0843,,,,,,
Rv0844c,,,,,,
Rv0845,,,,,-1.90247659,
Rv0846c,,,,,-1.0274439,
Rv0847,,,,,-1.501767137,
Rv0848,,,,,-1.233234911,1.269249963
Rv0849,,,,,-1.06716699,
Rv0851c,,,,,,
Rv0852,,,,,,
Rv0853c,,,,,,
Rv0854,,,,,,
Rv0855,,,,,,
Rv0856,,,,,,
Rv0857,,,,,,
Rv0858c,,,,,,
Rv0859,,,,,,
Rv0860,,1.1772753,,,1.142521849,
Rv0861c,,,,,,
Rv0862c,,,,,,
Rv0863,,,,,,
Rv0864,,,,,,
Rv0865,,,,,,
Rv0866,,,,,,
Rv0867c,,-1.125117031,,,-2.792457515,
Rv0868c,,,,,,
Rv0869c,,1.177905014,,,,
Rv0870c,,,,,,
Rv0871,,,,,,
Rv0872c,,1.164988905,,,,
Rv0873,,,,,,
Rv0874c,,,,,,
Rv0875c,,,,,,
Rv0876c,,,,,,
Rv0877,,,,,,
Rv0878c,,,,,-1.516859999,
Rv0879c,,,,,,
Rv0880,,,,,-1.170905416,
Rv0881,,,,,,
Rv0882,,,,,,
Rv0883c,,,,,-1.979865723,
Rv0884c,,,,,,
Rv0885,,,,,1.349041782,
Rv0886,,,,,2.117380221,
Rv0887c,,,,,-1.097470419,
Rv0888,,,-1.942000287,,-2.392434384,-2.626453053
Rv0889c,,,,,,
Rv0890c,,,,,-1.306637025,
Rv0891c,,,,,-2.059556859,
Rv0892,,,,,-2.592194779,
Rv0893c,,,,,-2.186958338,
Rv0894,,,,,-1.149313829,
Rv0895,,,,,-1.117829356,
Rv0896,,,,,-1.176800016,
Rv0897c,,,,,,
Rv0898c,,,,,,
Rv0899,,,,,,
Rv0900,,,,,,
Rv0901,,,,,,
Rv0902c,,,,,,
Rv0903c,,,,,,
Rv0904c,,,,,,
Rv0905,,,,,,
Rv0906,,,,,,
Rv0907,,,,,,
Rv0908,,,,,,
Rv0909,,,,,,
Rv0910,,,,,,
Rv0911,,,,,,
Rv0912,,,,,-1.037462603,
Rv0913c,,,,,-1.193832667,-1.273491607
Rv0914c,,,,,,
Rv0915c,,,,,,
Rv0916c,,,,,,
Rv0917,,,,,,
Rv0918,,,,,,
Rv0919,,,,,,
Rv0920c,,,,,,
Rv0921,,,,,-1.138370708,
Rv0922,,,,,-1.060715935,
Rv0923c,,,,,-1.579070829,
Rv0924c,,,,,-1.94464768,
Rv0925c,,,,,-1.550060119,
Rv0926c,,,,,,
Rv0927c,,,,,-1.460261289,
Rv0928,,,,,-1.265669836,
Rv0929,,,,,,
Rv0930,,,,,,
Rv0931c,,,,,,
Rv0932c,,,,,,
Rv0933,,,,,-1.263731986,-1.319228431
Rv0934,,,,,,-1.421211597
Rv0935,,,,,,-1.489102396
Rv0936,,,,,,-1.602338465
Rv0937c,,,,,-1.110307854,
Rv0938,,,,,,
Rv0939,,,,,,
Rv0940c,,,,,,
Rv0941c,,,,,,
Rv0942,,,,,,
Rv0943c,,1.355072425,,,,
Rv0944,,,,,-1.911591184,
Rv0945,,,,,-1.666737117,
Rv0946c,,,,,,
Rv0947c,,,,,-1.24491873,
Rv0948c,,,,,,
Rv0949,,,,,,
Rv0950c,,,,,-1.015249685,
Rv0951,,,,,,
Rv0952,,,,,,
Rv0953c,,,,,,-1.028154444
Rv0954,,,,,-1.001526329,
Rv0955,,,,,,
Rv0956,,,,,-1.249436722,
Rv0957,,,,,,
Rv0958,,,,,,
Rv0959,,,,,,
Rv0959A,,,,,,
Rv0960,,,,,,
Rv0961,,,,,,
Rv0962c,,,,,,
Rv0963c,,,,,,
Rv0964c,,,,,,
Rv0965c,,,,,,
Rv0966c,,,,,,
Rv0967,,,,,,-1.782961557
Rv0968,,,,,,-1.478721536
Rv0969,,,,,,
Rv0970,,,,,,
Rv0971c,,1.935704292,,,1.3948875,
Rv0972c,,2.09602094,,,1.827690884,
Rv0973c,,1.600204913,,,1.558913459,
Rv0974c,,1.916180963,,,1.976292563,
Rv0975c,,,,,2.113721992,
Rv0976c,,,,,,
Rv0977,,,,,,
Rv0978c,,,,,,
Rv0979A,,,,,-1.345944068,
Rv0979c,,,,,,
Rv0980c,,,,,,
Rv0981,,1.456086409,,,1.334778835,
Rv0982,,1.521829104,,,1.34627008,
Rv0983,,,,,,
Rv0984,,,,,,
Rv0985c,,,,,-1.27622344,
Rv0986,,,,,-1.161104951,
Rv0987,,,,,,
Rv0988,,,,,,
Rv0989c,,,,,-1.411556929,
Rv0990c,,,,,1.055137795,3.039396719
Rv0991c,,,,,,
Rv0992c,,,,,,
Rv0993,,,-2.081301948,,-1.589725513,-2.632072041
Rv0994,,,,,,-1.552571876
Rv0995,,,,,,-1.377616991
Rv0996,,,,,,
Rv0997,,,,,-1.371619447,
Rv0998,,,,,,
Rv0999,,,,,,
Rv1000c,,,,,,
Rv1001,,,,,,
Rv1002c,,,,,,
Rv1003,,,,,,
Rv1004c,,,,,,
Rv1005c,,,,,,
Rv1006,,,,,,
Rv1007c,,,,,,
Rv1008,,,,,-1.09691875,
Rv1009,,,,,,
Rv1010,,,,,,
Rv1011,,,,,,
Rv1012,,,,,,
Rv1013,,,,,,
Rv1014c,,,,,-1.0344226,
Rv1015c,,,,,,
Rv1016c,,,,,,
Rv1017c,,,,,-1.250021188,
Rv1018c,,,,,-1.032897419,-1.09399621
Rv1019,,,,,,
Rv1020,,,,,,
Rv1021,,,,,,
Rv1022,,,,,,
Rv1023,,,,,-1.213055109,
Rv1024,,,,,-1.041222192,
Rv1025,,,,,,
Rv1026,,,,,,
Rv1027c,,,,,,
Rv1028A,,,,,-1.247204324,
Rv1028c,,,,,,
Rv1029,,,,,-1.745288755,
Rv1030,,,,,-1.291470167,
Rv1031,,,,,,
Rv1032c,,,,,,
Rv1033c,,,,,,
Rv1037c,,,,,,
Rv1038c,,,,,,
Rv1039c,,,,,,
Rv1040c,,,,,,
Rv1041c,,,,,,1.242184576
Rv1042c,,,,,,1.168537316
Rv1043c,,,,,-1.18268903,
Rv1044,,,,,,
Rv1045,,,,,,
Rv1047,,,,,-1.206653764,
Rv1048c,,,,,,
Rv1049,,,,,,
Rv1050,,,,,-1.186884538,
Rv1051c,,,,,-1.814248788,
Rv1052,,,,,,
Rv1056,,,,,,
Rv1057,,2.904314697,,,2.536890356,4.157658515
Rv1058,,1.727384604,,,1.423379891,2.437019417
Rv1059,,,,,,
Rv1060,,,,,,
Rv1061,,,,,,
Rv1062,,,,,,
Rv1063c,,,,,,
Rv1064c,,,,,,
Rv1065,,,,,,1.050194442
Rv1066,,,,,,1.526142697
Rv1067c,,,,,-1.587476737,
Rv1068c,,,,,,
Rv1069c,,,,,,
Rv1070c,,,,,,
Rv1071c,,,,,-1.108372166,
Rv1072,,,,,,
Rv1073,,,,,,1.161159443
Rv1074c,,,,,,
Rv1075c,,,-1.005879605,,-1.332826672,
Rv1076,,,-1.841343919,,-1.151104987,-2.185472615
Rv1077,,,,,,
Rv1078,,,,,,
Rv1079,,,,,,
Rv1080c,,,,,-1.111341662,
Rv1081c,,,,,,
Rv1082,,,,,,
Rv1083,,,,,,
Rv1084,,,,,,
Rv1085c,,,,,,
Rv1086,,,,,,
Rv1087,,,,,,
Rv1088,,,,,,
Rv1091,,,,,,
Rv1092c,,,,,,
Rv1093,,,,,,
Rv1094,,,,,,
Rv1095,,,,,,
Rv1096,,,,,-1.454323158,
Rv1097c,,,,,,
Rv1098c,,,,,-1.127631953,
Rv1099c,,,,,-1.20423632,
Rv1100,,,,,,
Rv1101c,,,,,,
Rv1102c,,,,,-1.246704818,
Rv1103c,,,,,,
Rv1106c,,,,,,
Rv1107c,,,,,,
Rv1108c,,,,,,
Rv1109c,,,,,,-1.050992107
Rv1110,,,,,,
Rv1111c,,,,,-1.280103875,
Rv1112,,,,,,
Rv1113,,,,,,
Rv1114,,,,,,
Rv1115,,,,,-1.311573588,
Rv1116,,,,,-1.306042787,
Rv1117,,,,,,
Rv1118c,,,,,,
Rv1119c,,,,,,
Rv1120c,,,,,,
Rv1121,,,,,,
Rv1122,,,,,,
Rv1123c,,,,,,
Rv1124,,,,,,
Rv1125,,,,,,
Rv1126c,,,,,,
Rv1127c,,,,,,
Rv1128c,,,,,-1.619575194,
Rv1129c,,,2.198481439,-1.135176327,,
Rv1130,,,,-3.108618547,-1.078067294,
Rv1131,,,,-2.148773253,,
Rv1132,,,,,-1.602274484,
Rv1133c,,,,,,
Rv1134,,1.651198621,,,,
Rv1135c,,,,,,
Rv1138c,,,,,,
Rv1139c,,,,,,
Rv1140,,,,,,
Rv1141c,,,,,,
Rv1142c,,,,,,
Rv1143,,,,,,
Rv1144,,,,,,
Rv1145,,,,,,
Rv1146,,,,,,
Rv1147,,,,,,
Rv1148c,,,,,,
Rv1149,,,,,,1.157651376
Rv1150,,,,,,
Rv1151c,,,,,,
Rv1152,,,,,,
Rv1153c,,,,,,
Rv1154c,,,,,,
Rv1155,,,,,,
Rv1156,,,,,,
Rv1157c,,,-1.062360682,,-1.599422059,-2.847115624
Rv1158c,,,-1.130850525,,-2.404005455,-2.854302873
Rv1159,,,,,,
Rv1159A,,,,,,
Rv1160,,,,,-1.166781483,
Rv1161,,1.084278297,,,,
Rv1162,,1.024113871,,,,
Rv1163,,,,,1.216070929,
Rv1164,,1.260867398,,,,
Rv1165,,,,,,
Rv1166,,,,,,
Rv1167c,,,,,,
Rv1168c,,2.214265771,,,2.239465936,
Rv1169c,,2.233813109,,-1.007946439,1.976611945,
Rv1170,,,,,,
Rv1171,,1.437991994,,,,-1.041583063
Rv1172c,,,,,,
Rv1173,,,,,,
Rv1174c,,,,,,
Rv1175c,,,,,-1.246024784,
Rv1176c,,,,,-1.293703126,
Rv1177,,,,,,
Rv1178,,,,,,
Rv1179c,,1.180242534,,,,
Rv1180,,1.139398976,,,,
Rv1181,,1.530876245,,,1.410393853,
Rv1182,,1.932923766,,,1.731307726,
Rv1183,,1.924427813,,,1.684196338,
Rv1184c,,1.298136162,,,,
Rv1185c,,,,,,
Rv1186c,,,,,,
Rv1187,,1.441931408,,,,
Rv1188,,1.034301587,,,,
Rv1189,,,,,,
Rv1190,,,,,,
Rv1191,,,,,,
Rv1192,,1.236001001,,,1.668770779,1.960374087
Rv1193,,1.398181436,,,1.687439041,1.635493383
Rv1194c,,,,,,
Rv1195,,,-1.003898267,,,-2.700761967
Rv1196,,,-1.110946711,,-1.024904189,-3.039533846
Rv1197,,,-1.063820667,,,-2.862480303
Rv1198,,,,,-1.105823289,-2.937117082
Rv1199c,,,,,-1.374542286,
Rv1200,,,,,,
Rv1201c,,,,,-1.151890499,
Rv1202,,,,,,
Rv1203c,,,,,,
Rv1204c,,,,,,
Rv1205,,,,,,
Rv1206,,,,,,
Rv1207,,,,,,
Rv1208,,,,,,
Rv1209,,,,,,
Rv1210,,,,,,
Rv1211,,,,,,
Rv1212c,,,,,-1.085908635,
Rv1213,,,,,,
Rv1214c,,,,,-1.708423733,
Rv1215c,,,,,,
Rv1216c,,1.905393818,,,1.316813906,
Rv1217c,,1.948385643,,,1.428548677,
Rv1218c,,1.622443056,,,1.224279743,-1.57313655
Rv1219c,,1.235529383,,,,-1.316445253
Rv1220c,,,,,-1.690582664,-1.476456607
Rv1221,,,,,,
Rv1222,,,,,,
Rv1223,,,,,,
Rv1224,,,,,,
Rv1225c,,,,,,
Rv1226c,,,,,,
Rv1227c,,,,,,
Rv1228,,,,,,
Rv1229c,,,,,,
Rv1230c,,,,,,-1.457757906
Rv1231c,,,,,,
Rv1232c,,,,,,
Rv1233c,,,,,,
Rv1234,,,,,,
Rv1235,,,,,,
Rv1236,,,,,,
Rv1237,,,,,,
Rv1238,,,,,,
Rv1239c,,,,,,
Rv1240,,,,,-1.099549324,
Rv1241,,,,,-1.055917021,
Rv1242,,,,,-1.259240151,
Rv1243c,,,,,,
Rv1244,,,,,,
Rv1245c,,,,,,
Rv1246c,,,,,,
Rv1247c,,,,,,
Rv1248c,,,,,,
Rv1249c,,,,,,
Rv1250,,,,,,
Rv1251c,,,,,-2.095298214,-1.195531353
Rv1252c,,-1.050840088,,,-2.525567956,-1.035008424
Rv1253,,,,,,
Rv1254,,,,,,
Rv1255c,,,,,,
Rv1256c,,,,,,
Rv1257c,,,,,,
Rv1258c,,2.001976541,,,,
Rv1259,,,,,-1.489203401,
Rv1260,,,,,-1.759869176,
Rv1261c,,,,,,
Rv1262c,,,,,-1.234000622,
Rv1263,,,,,-1.809262006,
Rv1264,,,,,,
Rv1265,,,,,,
Rv1266c,,,,,,
Rv1267c,,,,,,
Rv1268c,,,,,,
Rv1269c,,1.156973698,,,,
Rv1270c,,,,,,
Rv1271c,,,,,,-1.37035135
Rv1272c,,,,,,
Rv1273c,,,,,,
Rv1274,,,,,,
Rv1275,,,,,,
Rv1276c,,,,,-1.013549916,
Rv1277,,,,,-2.32586629,
Rv1278,,,,,-1.475125538,
Rv1279,,,,,-1.306860394,
Rv1280c,,,,,,
Rv1281c,,,,,,
Rv1282c,,,,,-1.368493403,-1.004906373
Rv1283c,,,,,-1.801394901,-1.262452177
Rv1284,,,,,,
Rv1285,,,,,,
Rv1286,,,,,,
Rv1287,,,,,,
Rv1288,,,,,,
Rv1289,,,,,,
Rv1290A,,,,,,
Rv1290c,,,,,,
Rv1291c,,,,,,
Rv1292,,,,,,
Rv1293,,,,,,
Rv1294,,,,,,
Rv1295,,,,,,
Rv1296,,,,,,
Rv1297,,,,,,-1.100467677
Rv1298,,,,,,-1.223475172
Rv1299,,,,,,
Rv1300,,,,,,
Rv1301,,,,,,
Rv1302,,,,,,
Rv1303,,,,,,
Rv1304,,,,,,
Rv1305,,1.106788843,,,,
Rv1306,,1.184286474,,,,
Rv1307,,1.220257841,,,,
Rv1308,,1.199467693,,,,
Rv1309,,1.041343697,,,,
Rv1310,,1.116075193,,,,
Rv1311,,1.096936974,,,,
Rv1312,,1.134812398,,,,
Rv1313c,,,,,,
Rv1314c,,,,,-1.550772819,
Rv1315,,,,,,
Rv1316c,,,,,,
Rv1317c,,,,,,
Rv1318c,,,,,-1.316838393,-1.17628274
Rv1319c,,,,,-1.219064567,-1.303095607
Rv1320c,,,,,,-1.54874251
Rv1321,,,,,,
Rv1322,,,,,,
Rv1322A,,,,,,
Rv1323,,,,,,
Rv1324,,,,,,
Rv1325c,,,,,,
Rv1326c,,,,,,
Rv1327c,,,,,,
Rv1328,,,,,,
Rv1329c,,,,,,
Rv1330c,,,,,,
Rv1331,,,,,,
Rv1332,,,,,,
Rv1333,,,,,,
Rv1334,,,,,,
Rv1335,,,,,,
Rv1336,,,,,,
Rv1337,,,,,,
Rv1338,,,,,,
Rv1339,,1.016879529,,,,
Rv1340,,1.128871261,,,,
Rv1341,,,,,,
Rv1342c,,3.632638921,,,3.810613327,3.012971479
Rv1343c,,3.18995334,,,3.343206015,3.051142638
Rv1344,,3.087443012,,,3.395860699,3.482475623
Rv1345,,2.792071898,,,3.095119116,2.14112713
Rv1346,,3.045626793,,,3.433311315,2.558837011
Rv1347c,,3.691218243,,,3.686170912,2.274463475
Rv1348,,3.946816759,,,4.292683026,3.390703789
Rv1349,,3.94159117,,,4.331851025,3.246515789
Rv1350,,,,,,
Rv1351,,,,,,
Rv1352,,,,,,
Rv1353c,,,,,,
Rv1354c,,,,,,
Rv1355c,,,,,,
Rv1356c,,,,,,
Rv1357c,,,,,,
Rv1358,,,,,-1.172680865,
Rv1359,,,,,-1.949292524,
Rv1360,,,,,-1.38321769,
Rv1361c,,,,,,-1.716831118
Rv1362c,,,,,,
Rv1363c,,,,,-1.012123352,
Rv1364c,,,,,,
Rv1365c,,1.810405719,,,1.679623683,
Rv1366,,,,,,
Rv1366A,,,,,,
Rv1367c,,,,,,
Rv1368,,,,,,-1.202747943
Rv1371,,,,,-1.143756344,
Rv1372,,,,,,
Rv1373,,,,,,
Rv1374c,,,,,,
Rv1375,,,,,,
Rv1376,,,,,,
Rv1377c,,,,,,
Rv1378c,,,,,,
Rv1379,,1.756288212,,,,
Rv1380,,2.572310407,,,1.962260378,2.081043997
Rv1381,,2.866311097,,,2.344749119,2.232126807
Rv1382,,2.911814487,,,2.385090859,2.157859918
Rv1383,,2.712729694,,,2.26989683,1.981503648
Rv1384,,2.871706381,,,2.495570858,
Rv1385,,2.947304845,,,2.546352014,
Rv1386,,-1.199399574,,,-3.502709344,-3.059040689
Rv1387,,,,,-3.179885291,-2.519226007
Rv1388,,,,,,
Rv1389,,,,,,
Rv1390,,,,,,
Rv1391,,,,,,
Rv1392,,,,,,
Rv1393c,,,,,,
Rv1394c,,,,,,
Rv1395,,,,,,
Rv1396c,,,,,,
Rv1397c,,,,,,
Rv1398c,,,,,,
Rv1399c,,,,,-1.066536089,
Rv1400c,,,,,-1.062058141,
Rv1401,,,,,,-1.47790088
Rv1402,,,,,,
Rv1403c,,,,,,
Rv1404,,,,,,
Rv1405c,,,,,,
Rv1406,,,,,,
Rv1407,,,,,,
Rv1408,,,,,,
Rv1409,,,,,,
Rv1410c,,,,,,
Rv1411c,,,,,,
Rv1412,,,,,,
Rv1413,,,,,-1.137830719,
Rv1414,,,,,-1.049303889,
Rv1415,,,,,,
Rv1416,,,,,,
Rv1417,,,,,,
Rv1418,,,,,,
Rv1419,,,,,,
Rv1420,,,,,,
Rv1421,,,,,,
Rv1422,,,,,,
Rv1423,,,,,,
Rv1424c,,,,,-1.021728479,
Rv1425,,,,,,-1.413576218
Rv1426c,,,,,,-1.162142655
Rv1427c,,,,,,-1.134003154
Rv1428c,,,,,-1.441099244,-1.105107506
Rv1429,,,,,,
Rv1430,,,,,-1.685822948,
Rv1431,,,,,,
Rv1432,,,,,,
Rv1433,,,,,-1.518560322,
Rv1434,,,,,-1.000713752,
Rv1435c,,,,,-1.39949034,-2.150767944
Rv1436,,,,,,
Rv1437,,,,,,
Rv1438,,,,,,
Rv1439c,,,,,-1.026639601,
Rv1440,,,,,-1.247531762,
Rv1441c,,,,,-1.155691416,-1.385702329
Rv1442,,,,,,
Rv1443c,,,,,,
Rv1444c,,,,,,
Rv1445c,,1.046831411,,,,
Rv1446c,,,,,,
Rv1447c,,,,,,
Rv1448c,,,,,,
Rv1449c,,,,,,
Rv1450c,,,,,,
Rv1451,,,,,,
Rv1452c,,,,,,
Rv1453,,,,,,
Rv1454c,,,,,,
Rv1455,,,,,,
Rv1456c,,,,,,
Rv1457c,,,,,,
Rv1458c,,,,,,
Rv1459c,,,,,,
Rv1460,,2.78836626,,,3.408744409,3.047370592
Rv1461,,2.656888769,,,3.113205805,2.936520209
Rv1462,,3.034564107,,,3.566282749,3.374185986
Rv1463,,2.655732685,,,3.042483917,2.956222426
Rv1464,,2.876723967,,,3.458122554,3.030569414
Rv1465,,2.77571251,,,3.231324022,2.576621276
Rv1466,,2.810676728,,,3.113778546,2.363274212
Rv1467c,,1.19580972,,,,
Rv1468c,,,,,,
Rv1469,,,-1.068500765,,-1.341368,-1.052657161
Rv1470,,,,,,
Rv1471,,,,,,
Rv1472,,,,,,
Rv1473,,,,,,
Rv1473A,,,,,,
Rv1474c,,,,,,
Rv1475c,,,,,-1.006684064,
Rv1476,,,,,,
Rv1477,,,-1.267641809,,-1.640814345,-2.624918215
Rv1478,,,-1.214717508,,-1.290407548,-2.863133456
Rv1479,,,,,,
Rv1480,,,,,,
Rv1481,,,,,,
Rv1482c,,,,,-1.083443874,
Rv1483,,,,,,
Rv1484,,,,,,
Rv1485,,,,,,
Rv1486c,,,,,,
Rv1487,,,,,,
Rv1488,,,,,,
Rv1489,,,,,,
Rv1489A,,,,,,1.001074152
Rv1490,,,,,-1.190417973,
Rv1491c,,,,,,
Rv1492,,,,,,
Rv1493,,,,,,
Rv1494,,,,,,
Rv1495,,,,,,
Rv1496,,,,,,
Rv1497,,,-1.01430268,,,-1.088773597
Rv1498A,,,,,,
Rv1498c,,,,,,
Rv1499,,,,,,
Rv1500,,,,,,
Rv1501,,,,,,
Rv1502,,,,,,
Rv1503c,,,,,,
Rv1505c,,,,,-1.788966727,-1.006651163
Rv1506c,,,,,-1.138203412,
Rv1507A,,,,,,
Rv1507c,,,,,-1.432493456,
Rv1508A,,,,,,
Rv1508c,,,,,,
Rv1509,,,,,,
Rv1510,,,,,,
Rv1511,,,,,,
Rv1512,,,,,,
Rv1513,,,,,,
Rv1514c,,,,,,
Rv1515c,,,,,,
Rv1516c,,,,,,
Rv1517,,,,,,
Rv1518,,,,,,
Rv1519,,,,,5.646045156,
Rv1520,,2.563223972,,,2.251845152,1.939823869
Rv1521,,,,,,
Rv1522c,,,,,,
Rv1523,,,,,-1.789494432,-1.59252587
Rv1524,,,,,-1.517354496,
Rv1525,,,,,-1.296276449,
Rv1526c,,,,,,
Rv1527c,,-1.28848236,,,-2.49767764,
Rv1528c,,1.633670784,,,,
Rv1529,,,,,-1.238246233,
Rv1530,,,,,,
Rv1531,,,,,,
Rv1532c,,,,,,
Rv1533,,,,,,
Rv1534,,,,,,
Rv1535,,,,,,-1.855437475
Rv1536,,,,,,
Rv1537,,,,,,
Rv1538c,,,,,-1.007152116,
Rv1539,,,,,,
Rv1540,,,,,,
Rv1541c,,,,,-1.904825051,
Rv1542c,,2.858612706,,,,
Rv1543,,,,,-1.385893155,
Rv1544,,,,,,
Rv1545,,,,,,
Rv1546,,,,,-1.398631975,
Rv1547,,,,,-1.698780779,
Rv1548c,,,,,,
Rv1550,,,-2.961760371,,-1.563107356,-2.479069075
Rv1551,,,-1.858366646,,-1.273627085,-1.42396535
Rv1552,,,-3.117539364,,,-2.332631452
Rv1553,,,-2.446568066,,-1.29514556,
Rv1554,,,-1.821261567,,,
Rv1555,,,-2.075381121,,,-1.449921992
Rv1556,,,,,,
Rv1557,,2.437834918,,,3.253191904,2.550662482
Rv1558,,,,,,
Rv1559,,,,,,
Rv1560,,,,,,
Rv1561,,,,,,
Rv1562c,,,,,,
Rv1563c,,,,,,
Rv1564c,,,,,,
Rv1565c,,,,,,
Rv1566c,,,,,-2.040016862,-2.344375446
Rv1567c,,,,,,
Rv1568,,,,,,
Rv1569,,,,,,
Rv1570,,,,,,
Rv1571,,,,,,
Rv1573,,,,,-1.477447876,
Rv1574,,,,,,
Rv1575,,,,,,
Rv1576c,,1.009036557,,,,1.791042397
Rv1577c,,1.597029251,,,1.085804417,2.250063843
Rv1578c,,,,,,
Rv1579c,,,,,-1.335822535,
Rv1580c,,,,,-1.145610493,
Rv1581c,,,,,,
Rv1582c,,,,,,
Rv1583c,,,,,,
Rv1584c,,,,,,
Rv1585c,,,,,-1.116324572,
Rv1586c,,,,,-1.241417294,
Rv1587c,,,,,-1.156214176,
Rv1588c,,,,,,
Rv1589,,,,,,
Rv1590,,,,,,
Rv1591,,,,,,
Rv1592c,,,,,,
Rv1593c,,,,,,
Rv1594,,,,,,
Rv1595,,,,,,
Rv1596,,1.061808806,,,,1.102634956
Rv1597,,,,,,1.250985295
Rv1598c,,,,,,
Rv1599,,,,,,
Rv1600,,,,,,
Rv1601,,,,,,
Rv1602,,,,,,
Rv1603,,,,,,
Rv1604,,,,,,
Rv1605,,,,,,
Rv1606,,,,,,
Rv1607,,,,,-1.174233015,
Rv1608c,,,,,,
Rv1609,,,,,,
Rv1610,,,,,,
Rv1611,,,,,,
Rv1612,,,,,-1.053137434,
Rv1613,,,,,,-1.463552522
Rv1614,,,,,,-1.304834427
Rv1615,,,,,,
Rv1616,,,,,,
Rv1617,,,,,,
Rv1618,,,,,,
Rv1619,,,,,,
Rv1620c,,3.572171484,1.910783362,,3.914333414,
Rv1621c,,3.131904417,1.952807739,,3.200413967,1.717589859
Rv1622c,,2.406795026,,,2.540163712,1.832376208
Rv1623c,,1.986705321,,,1.737546631,
Rv1624c,,,,,,
Rv1625c,,,,,,
Rv1626,,,,,,
Rv1627c,,,,,,
Rv1628c,,,,,,
Rv1629,,,,,,
Rv1630,,,,,,
Rv1631,,,,,,
Rv1632c,,-1.172470121,,,-2.400587879,-1.507834661
Rv1633,,,,,,
Rv1634,,,,,,
Rv1635c,,,,,,
Rv1636,,,,,,
Rv1637c,,,,,,
Rv1638,,,,,,
Rv1638A,,1.791530446,,,1.431976349,-1.615315178
Rv1639c,,1.868614036,,,1.774893852,-1.516783285
Rv1640c,,,,,,
Rv1641,,,,,,
Rv1642,,,,,,
Rv1643,,,,,,
Rv1644,,,,,,
Rv1645c,,,,,,
Rv1646,,1.236311261,,,,
Rv1647,,1.22857824,,,,
Rv1648,,,,,,
Rv1649,,,,,,
Rv1650,,,,,,
Rv1651c,,,,,,
Rv1652,,1.343642923,,,,
Rv1653,,1.628699151,2.000254544,,1.108580305,
Rv1654,,1.84589105,2.049521904,,1.175549192,2.065350413
Rv1655,,1.755189888,,,1.340972687,2.393352948
Rv1656,,1.938354953,,,1.414614234,2.177576859
Rv1657,,,,,1.458578172,
Rv1658,,1.473608278,,,,
Rv1659,,1.778622097,,,1.194805854,
Rv1660,,1.05757946,,,,
Rv1661,,1.308519019,,,,
Rv1662,,,,,,
Rv1663,,,,,,
Rv1664,,,,,,
Rv1665,,,,,-1.205419802,
Rv1666c,,,,,,
Rv1667c,,,,,,
Rv1669,,,,,,
Rv1670,,,,,,
Rv1671,,,,,,
Rv1672c,,,,,-1.989735815,
Rv1673c,,,,,,
Rv1674c,,,,,,
Rv1675c,,,,,,
Rv1676,,,,,,
Rv1677,,,,,,
Rv1678,,,,,,
Rv1679,,,,,,
Rv1680,,,,,,
Rv1681,,,,,,
Rv1682,,,,,,
Rv1683,,,,,,
Rv1684,,,,,,
Rv1685c,,,,,,
Rv1686c,,,,,,
Rv1687c,,,,,,
Rv1688,,,,,,
Rv1689,,,,,-1.493320284,
Rv1690,,,-1.182441941,,,
Rv1691,,,,,-1.249986353,
Rv1692,,,,,-1.037129026,
Rv1693,,,,,,
Rv1694,,,,,,
Rv1695,,,,,,
Rv1696,,,,,,
Rv1697,,-1.215427174,,,-3.105309335,-2.28970211
Rv1698,,-1.109613804,,,-2.750132793,-1.517291155
Rv1699,,,,,,
Rv1700,,,,,,
Rv1701,,1.028158054,,,,
Rv1702c,,,,,-1.447761692,
Rv1703c,,,,,,
Rv1704c,,,,,-1.443755544,
Rv1705c,,,,,,
Rv1706A,,,,,,
Rv1706c,,,,,,
Rv1707,,,,,,
Rv1708,,,,,-1.625386618,
Rv1709,,,,,-1.684540485,
Rv1710,,,,,,
Rv1711,,,,,,
Rv1712,,,,,,
Rv1713,,,,,,-1.024876446
Rv1714,,,,,-1.187495707,
Rv1715,,,,,-1.384428881,
Rv1716,,,,,-1.97883345,-1.58917058
Rv1717,,,-1.238828222,,-1.957690295,-1.275883639
Rv1718,,,,,-1.451038348,-1.569962048
Rv1719,,,,,,
Rv1720c,,,,,,
Rv1721c,,,,,,
Rv1722,,,,,,
Rv1723,,,,,,
Rv1724c,,,,,,
Rv1725c,,1.076808419,,,,
Rv1726,,,,,,
Rv1727,,,,,,
Rv1728c,,,,,-1.801663954,
Rv1729c,,,,,-1.015943434,
Rv1730c,,,,,-1.121114842,
Rv1731,,,,,-1.040955051,
Rv1732c,,,,,,
Rv1733c,,,-2.273680039,,-3.071638286,-3.963993925
Rv1734c,,,,,,
Rv1735c,,,,,,
Rv1736c,,,,,-2.151651397,-1.421309935
Rv1737c,,-1.378247398,-2.198554058,-1.092606253,-3.249763998,-2.418269588
Rv1738,,-1.487903456,-3.216295906,-1.08445026,-2.688812019,-4.142772214
Rv1739c,,,,,,
Rv1740,,,,,,
Rv1741,,,,,,
Rv1742,,,,,,
Rv1743,,,,,,
Rv1744c,,,,,,
Rv1745c,,,,,-1.271133686,
Rv1746,,,,,-1.01720708,
Rv1747,,,,,,
Rv1748,,,,,,
Rv1749c,,,,,,
Rv1750c,,,,,-1.081277767,
Rv1751,,,,,-1.870980387,
Rv1752,,,,,-1.785168886,
Rv1753c,,,,,-1.750112929,-1.05232799
Rv1754c,,-1.040334851,-2.944418281,,-3.107880433,-3.207393796
Rv1758,,,,,-2.465144649,
Rv1759c,,,,,,
Rv1760,,,,,,
Rv1761c,,,,,-1.630289855,
Rv1762c,,,,,-1.54402838,
Rv1765c,,,,,-1.000762304,
Rv1766,,,,,,
Rv1767,,,,,,
Rv1768,,,,,-1.179580591,
Rv1769,,,,,,
Rv1770,,,,,,
Rv1771,,,,,,
Rv1772,,,,,,
Rv1773c,,,,,,
Rv1774,,,,,,-1.103875121
Rv1775,,,,,,
Rv1776c,,,,,,
Rv1777,,,,,,
Rv1778c,,,,,,
Rv1779c,,,,,,2.803327894
Rv1780,,,,,-1.08477587,
Rv1781c,,,,,,
Rv1782,,,,,,
Rv1783,,1.057889268,,,,1.055736285
Rv1785c,,,,,,
Rv1786,,,,,,
Rv1787,,,,,,
Rv1788,,,,,,
Rv1789,,,,,,
Rv1790,,,,,,
Rv1791,,,,,,
Rv1792,,,,,,-1.129450974
Rv1793,,,,,,-1.191861297
Rv1794,,,,,,
Rv1795,,,,,,
Rv1796,,,,,,
Rv1797,,,,,,
Rv1798,,,,,,
Rv1799,,,,,,
Rv1800,,1.031056975,,,,
Rv1801,,,,,,
Rv1802,,,,,,
Rv1803c,,,,,,
Rv1804c,,,,,-1.137786673,
Rv1805c,,,,,,
Rv1806,,,,,,
Rv1808,,,,,,
Rv1809,,,,,,
Rv1810,,,,,,
Rv1811,,,,,,
Rv1812c,,,,,,
Rv1813c,,,,,-2.637072506,-2.969805113
Rv1814,,,,,,
Rv1815,,,-2.170573564,,-1.995825129,-3.012794304
Rv1816,,,-1.917878638,,-1.59658393,-2.380815206
Rv1817,,,,,,
Rv1818c,,,,,,
Rv1819c,,,,,-1.351060865,
Rv1820,,,,,,
Rv1821,,,,,,
Rv1822,,,,,,
Rv1823,,,,,,
Rv1824,,,,,,
Rv1825,,,,,,
Rv1826,,,,,,
Rv1827,,,,,,
Rv1828,,,,,,
Rv1829,,,,,,
Rv1830,,,,,-1.414704974,-1.043394941
Rv1831,,,,,,
Rv1832,,1.208733811,,,,
Rv1833c,,,,,,
Rv1834,,,,,,
Rv1835c,,,,,,
Rv1836c,,,,,,
Rv1837c,,,,,-1.057902741,
Rv1838c,,,,,-1.076412206,
Rv1839c,,,,,,
Rv1840c,,,,,,
Rv1841c,,,,,,
Rv1842c,,,,,,
Rv1843c,,,,,,
Rv1844c,,,,,,
Rv1845c,,,,,,
Rv1846c,,1.026721561,,,,
Rv1847,,3.371016505,,,3.857448623,
Rv1848,,,,,,
Rv1849,,,,,,
Rv1850,,,,,,
Rv1851,,,,,,
Rv1852,,,,,,
Rv1853,,,,,,
Rv1854c,,1.297624477,2.806006638,,,2.700131887
Rv1855c,,,,,,
Rv1856c,,,,,,
Rv1857,,,,,,
Rv1858,,,,,,
Rv1859,,,,,,
Rv1860,,-1.059950052,-1.100778257,,-1.911988477,-1.740406471
Rv1861,,,,,,
Rv1862,,,,,,
Rv1863c,,,,,,
Rv1864c,,,,,,
Rv1865c,,,,,,
Rv1866,,,,,-1.195799506,
Rv1867,,,,,-1.052020148,
Rv1868,,,,,,
Rv1869c,,,,,,
Rv1870c,,,,,,-1.106883747
Rv1871c,,,,,,-1.013210476
Rv1872c,,,,,,-1.10730565
Rv1873,,,,,,
Rv1874,,,,,,
Rv1875,,,,,,
Rv1876,,,,,-1.438893303,
Rv1877,,,,,,
Rv1878,,,,,,
Rv1879,,,,,,
Rv1880c,,,,,,
Rv1881c,,,,,,-1.305075555
Rv1882c,,,,,,-1.510827635
Rv1883c,,,-1.882273696,,-1.370614713,-2.976574443
Rv1884c,,,-2.565385772,,-1.807133274,-4.149811374
Rv1885c,,,,,,-1.314850161
Rv1886c,,,,,,-1.74402932
Rv1887,,,,,,
Rv1888A,,,,,,
Rv1890c,,,,,,
Rv1891,,,,,,-1.081832694
Rv1892,,,,,,
Rv1893,,,,,,
Rv1894c,,,,,,
Rv1895,,,,,,
Rv1896c,,,,,,
Rv1897c,,,,,-1.085318622,
Rv1898,,,,,,
Rv1899c,,,,,,
Rv1900c,,,,,,
Rv1901,,,,,-1.003591343,
Rv1902c,,,,,,
Rv1903,,,,,-1.461317197,-1.167831304
Rv1904,,,,,,-1.530547532
Rv1905c,,,,,,
Rv1906c,,,,,,
Rv1907c,,1.336240634,,2.600095922,,
Rv1908c,,2.127524706,,2.803015598,1.118754678,
Rv1909c,,1.439763885,,,1.105483901,2.572316578
Rv1910c,,,1.076566857,,-1.156548515,
Rv1911c,,,,,,
Rv1912c,,,,,-1.003281736,
Rv1913,,,,,-1.24414091,
Rv1914c,,,,,,
Rv1915,,,,,,
Rv1916,,,,,,
Rv1917c,,,,,-1.299482878,
Rv1918c,,,,,-1.305555437,-1.071805835
Rv1919c,,,,,,
Rv1920,,,,,,
Rv1921c,,,,,,
Rv1922,,,,,-1.25883046,
Rv1923,,,,,,
Rv1924c,,,,,,
Rv1925,,,,,,
Rv1926c,,,,,,
Rv1927,,,,,,
Rv1928c,,,1.688494226,,,
Rv1929c,,,,,,
Rv1930c,,,,,-1.388905378,
Rv1931c,,,,,,
Rv1932,,,,,-1.215477471,
Rv1933c,,,,,,
Rv1934c,,,,,,
Rv1935c,,,,,,
Rv1936,,1.088892008,,,,
Rv1937,,,,,,
Rv1938,,,,,,
Rv1939,,,,,,
Rv1940,,,,,,
Rv1941,,,,,,
Rv1942c,,,,,-1.352098263,
Rv1943c,,,,,-1.403451987,
Rv1944c,,,,,-1.738429207,
Rv1945,,,,,-1.016247122,
Rv1946c,,,,,,
Rv1947,,1.14309257,,,,
Rv1948c,,,,,-1.413722485,
Rv1950c,,,,,,
Rv1951c,,,,,,
Rv1952,,,,,,-1.10989648
Rv1953,,,,,,
Rv1954c,,,,,,
Rv1955,,,,,,
Rv1956,,,,,,
Rv1957,,,,,,
Rv1958c,,,,,,
Rv1959c,,,,,,
Rv1960c,,,,,,
Rv1961,,,,,,
Rv1962A,,,,,,
Rv1962c,,,,,,
Rv1963c,,,,,-1.348629499,
Rv1964,,1.225617357,,,1.066943129,
Rv1965,,,,,1.873380732,
Rv1966,,1.734853142,1.126939584,,1.638003258,
Rv1967,,2.180017451,,,2.350030836,
Rv1968,,2.427825998,,,2.496198919,
Rv1969,,1.85209492,,,2.068079324,
Rv1970,,2.21887624,,,2.319805684,
Rv1971,,2.210247477,,,2.132199951,
Rv1972,,2.212844942,,,1.61091504,
Rv1973,,1.957602422,,,,
Rv1974,,,,,,
Rv1975,,,,,,
Rv1976c,,,,,,
Rv1977,,1.259590137,,,,
Rv1978,,,,,,
Rv1979c,,,,,,
Rv1980c,,,,,,
Rv1981c,,,,,,
Rv1982A,,,,,-1.362730265,
Rv1982c,,,,,-1.66600392,-1.037260566
Rv1983,,,,,,
Rv1984c,,,,,-1.594641992,
Rv1985c,,,,,-1.244781736,
Rv1986,,,,,,
Rv1987,,,-1.008776818,,-2.186003619,-2.173670777
Rv1988,,,,,,
Rv1989c,,,,,,
Rv1990c,,,,,,
Rv1991A,,,,,,
Rv1991c,,,,,,
Rv1992c,,,,,,
Rv1993c,,,,,-1.55313736,
Rv1994c,,,,,-1.458275681,
Rv1995,,,,,-1.505368003,
Rv1996,,,-2.080831858,,-1.390777473,-2.242736979
Rv1997,,,,,,
Rv1998c,,,,,-1.459271126,
Rv1999c,,,,,,
Rv2000,,,,,-1.373662357,
Rv2001,,,,,-1.420957365,
Rv2002,,,,,,
Rv2003c,,1.447787403,,,,
Rv2004c,,,,,,
Rv2005c,,,,,,
Rv2006,,,,,,
Rv2007c,,-2.114645028,-1.818270993,-1.437403221,-3.692710892,-3.379512341
Rv2008c,,,,,-1.557056291,
Rv2009,,-1.301202754,,,-2.244013862,-1.580766007
Rv2010,,-1.092720947,,,-1.806768514,-1.269388451
Rv2011c,,,,,-1.9140748,
Rv2012,,,,,-2.357714709,-1.193896219
Rv2015c,,,,,-1.060851005,
Rv2016,,,,,-1.66206012,
Rv2017,,,,,-1.401296029,
Rv2018,,,,,,
Rv2019,,,,,,
Rv2021c,,1.118696582,,,,
Rv2022c,,1.031699043,,,,
Rv2023A,,,,,,
Rv2023c,,,,,,
Rv2024c,,,,,,
Rv2025c,,-1.619615577,2.114837513,,-3.064882848,2.860442056
Rv2026c,,,,,,
Rv2027c,,,,,,
Rv2028c,,,,,-1.55651804,
Rv2029c,,,,-1.345109371,-2.575669751,
Rv2030c,,-1.873715955,-1.915719905,-2.853031971,-4.029423165,-3.642915432
Rv2031c,,-2.173679105,-2.869222883,-2.394192222,-3.941221213,-6.076154216
Rv2032,,-1.393654313,-2.788077511,-1.223802447,-3.185803403,-4.670515807
Rv2033c,,-1.009848886,,,-2.433515453,
Rv2034,,1.662374378,,,,
Rv2035,,1.277028575,,,,
Rv2036,,,,,,
Rv2037c,,,,,,
Rv2038c,,,,,,
Rv2039c,,,,,,
Rv2040c,,,,,,
Rv2041c,,,,,,
Rv2042c,,,,,,
Rv2043c,,,,,,
Rv2044c,,,,,,
Rv2045c,,,,,,
Rv2046,,,,,-1.539467319,-1.241456383
Rv2047c,,,,,-1.526009261,
Rv2048c,,-1.011187284,,,-1.579910588,-1.271029225
Rv2049c,,,,,,
Rv2050,,,,,,
Rv2051c,,,,,,
Rv2052c,,,,,,
Rv2053c,,,,,,
Rv2054,,,,,,-1.253362433
Rv2055c,,,,,-1.032961386,
Rv2056c,,,,,-1.684624611,
Rv2057c,,,,,,
Rv2058c,,,,,-1.609021658,
Rv2059,,,,,,
Rv2060,,,,,,
Rv2061c,,,,,,
Rv2062c,,,,,,
Rv2063,,,,,,
Rv2063A,,,,,,
Rv2064,,,,,,
Rv2065,,,,,,
Rv2066,,,,,,
Rv2067c,,,,,-1.293531025,-1.00630196
Rv2068c,,,,,-1.403061411,-1.252569841
Rv2069,,,,,-1.061975051,-1.395077923
Rv2070c,,,,,,
Rv2071c,,,,,,
Rv2072c,,,,,,
Rv2073c,,,,,,
Rv2074,,,,,-1.288090761,
Rv2075c,,,-1.120834078,,-1.304143036,-1.446509699
Rv2076c,,,,,,
Rv2077A,,,,,,
Rv2077c,,1.281213484,,,,1.598807577
Rv2078,,,,,-1.333417609,
Rv2079,,,,,-1.483439175,
Rv2080,,,,,-1.870862133,
Rv2081c,,,,,,
Rv2082,,,,,,
Rv2083,,,,,,
Rv2084,,,,,,-1.101958219
Rv2085,,,,,,
Rv2086,,,,,,
Rv2088,,,,,,
Rv2089c,,,,,,
Rv2090,,,,,-1.737083027,
Rv2091c,,,,,,
Rv2092c,,,,,,
Rv2093c,,,,,,
Rv2094c,,,,,,
Rv2095c,,,,,,
Rv2096c,,,,,,
Rv2097c,,,,,-1.018222948,
Rv2098c,,,,,,
Rv2099c,,,,,,
Rv2100,,,,,,
Rv2101,,,,,-1.489121953,
Rv2102,,,,,-1.029084487,
Rv2103c,,,,,,
Rv2104c,,,,,,
Rv2107,,2.221533648,,,1.511567429,
Rv2108,,,,,,
Rv2109c,,,,,,
Rv2110c,,,,,,
Rv2111c,,,,,,
Rv2112c,,,,,,
Rv2113,,,,,,
Rv2114,,,,,-1.62560532,-1.773217217
Rv2115c,,,,,,
Rv2116,,,,,,
Rv2117,,,,,,
Rv2118c,,,,,,
Rv2119,,,,,-2.101811465,-1.469117887
Rv2120c,,,,,,
Rv2121c,,2.77796998,,,3.012815862,2.946115842
Rv2122c,,3.488832294,,,4.000486952,4.244110208
Rv2123,,8.30594022,,,8.493596016,7.588542848
Rv2124c,,1.451669142,,,1.377067994,
Rv2125,,,,,,
Rv2126c,,,,,,
Rv2127,,,,,,
Rv2128,,,,,,
Rv2129c,,,,,,
Rv2130c,,,,,,
Rv2131c,,,,,,
Rv2132,,,,,,-1.118058294
Rv2133c,,,,,,
Rv2134c,,,,,,
Rv2135c,,,,,,
Rv2136c,,,,,,
Rv2137c,,1.597739909,,,1.473230166,
Rv2138,,,,,,
Rv2139,,,,,,
Rv2140c,,,,,,
Rv2141c,,,,,,
Rv2142A,,,,,,
Rv2142c,,,,,,
Rv2143,,,,,,
Rv2144c,,,,,,
Rv2145c,,,,,,
Rv2146c,,,,,,
Rv2147c,,,,,-1.826697991,-1.537763874
Rv2148c,,,,,-1.214836945,
Rv2149c,,,,,-1.199815068,
Rv2150c,,,,,-1.74635129,
Rv2151c,,,,,,
Rv2152c,,,,,,
Rv2153c,,,,,,
Rv2154c,,,,,-1.153343409,-1.325197896
Rv2155c,,,,,,
Rv2156c,,,,,,
Rv2157c,,,,,,
Rv2158c,,,,,,
Rv2159c,,1.948793134,,,2.208465565,
Rv2160c,,1.93800173,,,2.286546688,
Rv2161c,,1.369526942,,,1.505343784,
Rv2162c,,,,,,
Rv2163c,,,,,,
Rv2164c,,,,,,
Rv2165c,,,,,,
Rv2166c,,,,,,
Rv2169c,,,,,,
Rv2170,,,,,,
Rv2171,,,,,-1.257417459,
Rv2172c,,,,,,
Rv2173,,,,,,
Rv2174,,,,,,
Rv2175c,,,,,,
Rv2176,,,,,,
Rv2177c,,,,,-1.024912181,
Rv2178c,,,,,-1.071877669,
Rv2179c,,,,,,
Rv2180c,,1.00236195,,,,
Rv2181,,,,,,
Rv2182c,,,,,,
Rv2183c,,,,,,
Rv2184c,,,,,,
Rv2185c,,,,,,
Rv2186c,,,,,,
Rv2187,,,,,,
Rv2188c,,,,,,
Rv2189c,,,,,-1.071756098,-1.369817787
Rv2190c,,,,,,-1.631562064
Rv2191,,,,,,
Rv2192c,,,,,,
Rv2193,,,,,,
Rv2194,,,,,,
Rv2195,,,,,,
Rv2196,,1.034994842,,,,
Rv2197c,,,,,,
Rv2198c,,,,,,
Rv2199c,,,,,,
Rv2200c,,,,,,
Rv2201,,,,,,
Rv2202c,,,,,,
Rv2203,,,,,,
Rv2204c,,,,,,
Rv2205c,,,,,,
Rv2206,,,,,,
Rv2207,,,,,,
Rv2208,,,,,,
Rv2209,,,,,,
Rv2210c,,,,,,
Rv2211c,,,,,,
Rv2212,,,,,,
Rv2213,,,,,,
Rv2214c,,,,,,
Rv2215,,,,,,
Rv2216,,1.33397302,,,,
Rv2217,,,,,,
Rv2218,,,,,,
Rv2219,,,,,,
Rv2219A,,,,,,
Rv2220,,,,,,-1.376064219
Rv2221c,,,,,,
Rv2222c,,,,,,
Rv2223c,,,,,,
Rv2224c,,,,,,
Rv2225,,,,,,
Rv2226,,,,,,1.857519014
Rv2227,,,,,,
Rv2228c,,,,,,
Rv2229c,,,,,,
Rv2230c,,,,,,
Rv2231A,,,,,,
Rv2231B,,,,,,1.412473869
Rv2231c,,,,,,
Rv2232,,,,,,
Rv2234,,,,,,
Rv2235,,,,,,
Rv2236c,,,,,,
Rv2237,,,,,-1.139033388,
Rv2237A,,,,,,
Rv2238c,,,,,,
Rv2239c,,,,,,
Rv2240c,,,,,,
Rv2241,,,,,,
Rv2242,,,,,,
Rv2243,,,,,,
Rv2244,,,,,-1.039606579,
Rv2245,,,,,,
Rv2246,,,,,,
Rv2247,,,,,,
Rv2248,,,,,,
Rv2249c,,,,,,
Rv2250c,,,,,-1.132608949,
Rv2251,,,,,,
Rv2252,,,,,,
Rv2253,,,,,-1.665037483,
Rv2254c,,,,,,
Rv2256c,,,,,,
Rv2257c,,,,,,-1.021027494
Rv2258c,,,,,-1.188807148,-1.257573817
Rv2259,,,,,,
Rv2260,,,,,,
Rv2261c,,,,,,
Rv2263,,,,,,
Rv2264c,,,,,,
Rv2265,,,,,,
Rv2266,,,,,,
Rv2267c,,-1.03246587,,,-2.519881027,
Rv2268c,,,,,-2.25104049,
Rv2269c,,,,,-1.286210889,
Rv2270,,,,,,
Rv2271,,,,,-1.913058464,
Rv2272,,,,,-1.567950988,
Rv2273,,,,,-1.42920571,
Rv2274A,,,,,-1.719789759,
Rv2274c,,,,,-1.514830414,
Rv2275,,,,,-2.859545483,
Rv2276,,,,,-2.722992766,
Rv2277c,,,,,-1.414398165,
Rv2280,,,,,,
Rv2281,,,,,,
Rv2282c,,,,,-1.664307698,
Rv2283,,,,,-1.315882177,
Rv2284,,,,,-1.751813562,
Rv2285,,,,,-1.041888429,
Rv2286c,,,,,,
Rv2287,,,,,,
Rv2288,,,,,,
Rv2289,,,,,-1.052788329,
Rv2290,,,,,,
Rv2291,,,,,,
Rv2292c,,,,,,
Rv2293c,,,,,,-1.358516384
Rv2294,,,,,-2.17655989,-1.166503425
Rv2295,,,,,,
Rv2296,,,,,,
Rv2297,,,,,,
Rv2298,,,,,,
Rv2299c,,,,,,
Rv2300c,,,,,,
Rv2301,,,,,,-1.25558553
Rv2302,,,,,,
Rv2303c,,1.269626922,,,1.003522077,
Rv2304c,,1.755365632,,,1.411092891,
Rv2305,,,,,,
Rv2306A,,,,,,
Rv2307A,,,,,,
Rv2307B,,,,,,
Rv2307D,,,,,,
Rv2307c,,,,,,
Rv2308,,,,,-1.418338135,
Rv2309A,,,,,,
Rv2310,,,,,,
Rv2311,,,,,-1.023633984,
Rv2312,,,,,,
Rv2313c,,,,,,
Rv2314c,,,,,,
Rv2315c,,,,,-1.19689219,
Rv2316,,,,,-1.227626479,
Rv2317,,,,,-2.211262938,
Rv2318,,,,,,
Rv2319c,,,,,-1.104644816,
Rv2320c,,,,,,
Rv2323c,,,-1.667665692,,,-1.359868969
Rv2324,,,,,-1.178560892,
Rv2325c,,,,,,
Rv2326c,,,,,,
Rv2327,,,,,,
Rv2328,,,,,,
Rv2329c,,,,,,
Rv2330c,,,,,,
Rv2331,,,,,,
Rv2331A,,,,,,
Rv2332,,,,,-1.062120665,
Rv2333c,,,,,,
Rv2334,,,,,-1.690467096,
Rv2335,,,,,-1.321839289,
Rv2336,,,,,-1.119138136,-1.136975251
Rv2337c,,1.164443349,,,,
Rv2338c,,,,,,
Rv2339,,,,,,
Rv2340c,,1.653333741,,,1.740040736,
Rv2341,,,,,,
Rv2342,,,,,,
Rv2343c,,,,,,
Rv2344c,,,,,,
Rv2345,,,,,,
Rv2346c,,,-1.198746072,,,-2.115065347
Rv2347c,,1.130793071,-1.17377458,,,-2.260942083
Rv2348c,,1.257820108,,,,-1.620691673
Rv2349c,,,,,-1.7093459,-1.46677361
Rv2350c,,-1.039330513,,,-2.433272708,-1.959476499
Rv2351c,,,,,-2.50144113,-1.356947544
Rv2352c,,,,,,
Rv2353c,,,,,,
Rv2357c,,,,,,
Rv2358,,,,,1.767703738,1.69227509
Rv2359,,1.805302689,,,1.955563055,1.920025783
Rv2360c,,,,,,
Rv2361c,,,,,,
Rv2362c,,,,,,
Rv2363,,,,,-1.172809342,
Rv2364c,,,,,,
Rv2365c,,,,,,
Rv2366c,,,,,,
Rv2367c,,,,,,
Rv2368c,,,,,,
Rv2369c,,,,,,
Rv2370c,,,,,-1.047836737,
Rv2371,,,,,,
Rv2372c,,,,,,
Rv2373c,,,,,,
Rv2374c,,,,,,
Rv2375,,,,,,-1.358509336
Rv2376c,,,,,,
Rv2377c,,4.29943962,,,4.217222899,3.42023873
Rv2378c,,4.21644109,,,4.194290914,3.451387491
Rv2379c,,4.342915877,,,4.388507212,3.576305749
Rv2380c,,4.892546659,,,4.960228622,3.84332794
Rv2381c,,6.227214183,,,6.497373079,4.523662262
Rv2382c,,6.148451715,,,6.482775839,5.45366768
Rv2383c,,6.655303929,,,6.886474487,5.624800949
Rv2384,,4.471289483,,,4.453563029,4.159934105
Rv2385,,2.488831862,,,2.432309824,1.843432444
Rv2386c,,7.031672025,,,7.086199465,5.949459799
Rv2387,,,,,,
Rv2388c,,,,,,
Rv2389c,,,,,,
Rv2390c,,,,,,-1.201873408
Rv2391,,,,,,-1.202386445
Rv2392,,,,,,
Rv2393,,,,,1.318946144,
Rv2394,,,,,,
Rv2395,,,,,,
Rv2395A,,2.052842374,,,1.861746592,
Rv2395B,,,,,,
Rv2396,,,,,,
Rv2397c,,,,,-1.732476497,
Rv2398c,,-1.221824693,,,-2.109314953,
Rv2399c,,-1.086328373,,,-1.880207248,
Rv2400c,,-1.333479301,,,-2.187534845,
Rv2401,,,,,,
Rv2401A,,,,,-1.022489234,
Rv2402,,,,,-1.03021046,
Rv2403c,,,,,-1.072730968,
Rv2404c,,,,,-1.431921249,
Rv2405,,,,,,
Rv2406c,,,-1.846136998,,,-2.33599441
Rv2407,,,,,-1.328656999,
Rv2408,,,,,,
Rv2409c,,,,,,
Rv2410c,,,,,,
Rv2411c,,,,,,
Rv2412,,,,,,
Rv2413c,,,,,,
Rv2414c,,,,,,
Rv2415c,,,,,,
Rv2416c,,2.051743503,,,,
Rv2417c,,,,,,
Rv2418c,,,,,,
Rv2419c,,,,,,
Rv2420c,,,,,,
Rv2421c,,,,,,
Rv2422,,,,,,
Rv2423,,,,,,
Rv2424c,,,,,,
Rv2425c,,,,,,
Rv2426c,,,,,,
Rv2427A,,,,,,
Rv2427c,,,,,,
Rv2428,,2.61199605,,,2.018453502,
Rv2429,,2.960828561,,,2.351699162,4.179842043
Rv2430c,,,,,-1.719770445,
Rv2431c,,,,,-1.616788634,
Rv2432c,,,,,-1.703652847,
Rv2433c,,,,,,
Rv2434c,,,,,-1.52918154,
Rv2435c,,,,,-1.641572261,
Rv2436,,,,,-1.998834188,
Rv2437,,,,,-1.759564354,
Rv2438A,,,,,,
Rv2438c,,,,,-1.195630818,
Rv2439c,,,,,,
Rv2440c,,,,,,
Rv2441c,,,,,,
Rv2442c,,,,,,
Rv2443,,,,,,
Rv2444c,,,,,,
Rv2445c,,,,,,
Rv2446c,,,,,,
Rv2447c,,,,,,
Rv2448c,,,,,,
Rv2449c,,,,,,
Rv2450c,,,,,-1.228205112,
Rv2451,,,,,,
Rv2452c,,1.138171192,,,,2.847648591
Rv2453c,,2.214919349,,,2.190506963,2.479239888
Rv2454c,,1.944382334,,,1.718423739,
Rv2455c,,1.45731351,,,1.221361018,1.918012465
Rv2456c,,,,,,
Rv2457c,,,,,,
Rv2458,,1.35798396,,,,
Rv2459,,1.668318535,,,1.391163475,-1.361947214
Rv2460c,,,,,,
Rv2461c,,,,,,
Rv2462c,,,,,,
Rv2463,,,,,,
Rv2464c,,,,,,
Rv2465c,,,,,,
Rv2466c,,1.278297478,,,,
Rv2467,,,,,,
Rv2468A,,,,,,
Rv2468c,,,,,,
Rv2469c,,,,,,
Rv2470,,,,,,
Rv2471,,,,,,
Rv2472,,,,,,
Rv2473,,,,,,
Rv2474c,,,,,,
Rv2475c,,,,,,
Rv2476c,,,,,,
Rv2477c,,,,,,
Rv2478c,,,,,,
Rv2481c,,1.873146464,,,,
Rv2482c,,1.387128809,,,,
Rv2483c,,1.058353306,,,,
Rv2484c,,,,,,
Rv2485c,,,-3.279795281,,-1.381331467,-3.184452089
Rv2486,,1.240401953,,,,
Rv2487c,,,,,,
Rv2488c,,,,,,
Rv2489c,,,,,,
Rv2490c,,,,,,
Rv2491,,,,,-1.454318962,
Rv2492,,,,,-1.389309595,
Rv2493,,,,,-1.127984044,-1.497763722
Rv2494,,,,,-1.371615186,-1.629853663
Rv2495c,,,,,-1.012991311,
Rv2496c,,,,,,1.724957365
Rv2497c,,,,,,1.851862653
Rv2498c,,1.174586308,,,,1.523220722
Rv2499c,,1.116195878,1.391827076,,,1.511631073
Rv2500c,,,,,,
Rv2501c,,,,,,1.56278935
Rv2502c,,,,,,
Rv2503c,,1.163377287,,,,
Rv2504c,,1.327607227,,,1.238406739,
Rv2505c,,1.17754376,,,1.277525197,
Rv2506,,,,,,
Rv2507,,,,,,
Rv2508c,,,,,-1.14066691,
Rv2509,,,,,-1.085618598,
Rv2510c,,,,,-1.60712564,-1.370376858
Rv2511,,,,,,
Rv2512c,,,,,-1.266013552,
Rv2513,,,,,-1.743627971,
Rv2514c,,,,,,
Rv2515c,,,,,,
Rv2516c,,1.20875859,,,,
Rv2517c,,,,,,
Rv2518c,,,,,,2.12442597
Rv2519,,,,,-1.04943826,
Rv2520c,,,,,,
Rv2521,,,,,,
Rv2522c,,,,,-1.105828823,
Rv2523c,,,,,-1.82473282,
Rv2524c,,,,,,
Rv2525c,,,-1.271629519,,-1.852971266,-2.00905148
Rv2526,,,,,-1.457188022,
Rv2527,,,,,-1.603068851,-1.2378657
Rv2528c,,,,,-1.461146647,
Rv2529,,,,,-1.179408084,
Rv2530A,,,,,,
Rv2530c,,,,,-1.197473181,-1.075058653
Rv2531c,,,,,,
Rv2532c,,,,,,
Rv2533c,,,,,,
Rv2534c,,,,,,
Rv2535c,,,,,,
Rv2536,,,,,,
Rv2537c,,,,,,
Rv2538c,,,,,,
Rv2539c,,,,,,
Rv2540c,,,,,,
Rv2541,,,,,,
Rv2542,,,,,-1.067843284,
Rv2543,,,,,,
Rv2544,,,,,-1.178677266,
Rv2545,,,,,,
Rv2546,,,,,,
Rv2547,,,,,,
Rv2548,,,,,,
Rv2548A,,,,,,
Rv2549c,,,,,,-1.413915459
Rv2550c,,,,,,
Rv2551c,,,,,,
Rv2552c,,,,,,
Rv2553c,,,,,,
Rv2554c,,,,,,
Rv2555c,,,,,,
Rv2556c,,,,,,
Rv2557,,1.739212118,,,1.692656037,
Rv2558,,2.348922618,,,2.355503521,
Rv2559c,,,,,,
Rv2560,,,-1.01156335,,-2.163512377,-1.350286343
Rv2561,,,,,-1.78554058,-1.128837496
Rv2563,,-1.684004496,,,-2.861499754,-1.232719116
Rv2564,,-1.511435724,,,-2.584956283,-1.339899883
Rv2565,,,,,-1.448460261,
Rv2566,,,,,-1.76226989,
Rv2567,,,,,-1.554512867,-1.282475357
Rv2568c,,,,,,
Rv2569c,,,,,,
Rv2570,,,,,,
Rv2571c,,,,,,
Rv2572c,,,,,,
Rv2573,,,,,,
Rv2574,,,,,-1.10704621,
Rv2575,,,,,,
Rv2576c,,,,,,
Rv2577,,,,,,
Rv2578c,,,,,,
Rv2579,,,,,,
Rv2580c,,,,,,
Rv2581c,,,,,,
Rv2582,,,,,-1.481970143,
Rv2583c,,,,,,
Rv2584c,,,,,,
Rv2585c,,,,,,
Rv2586c,,,,,,
Rv2587c,,,,,,
Rv2588c,,,,,,
Rv2589,,,,,,
Rv2590,,3.097774777,,,3.011917954,
Rv2591,,2.833835951,,,2.24641096,
Rv2592c,,,,,-1.869462066,-1.213790243
Rv2593c,,,,,-1.946476958,-1.050850255
Rv2594c,,,,,-2.236565943,-1.639469397
Rv2595,,,,,-1.1541299,
Rv2596,,,,,-1.124465252,
Rv2597,,,,,,
Rv2598,,,,,,
Rv2599,,,,,,
Rv2600,,1.263466375,,,,-1.627742969
Rv2601,,1.053342609,,,,-1.145091341
Rv2601A,,,,,,
Rv2602,,,,,,
Rv2603c,,,,,,
Rv2604c,,,,,,
Rv2605c,,,,,,
Rv2606c,,,,,,
Rv2607,,,,,-1.74013194,
Rv2608,,,,,,
Rv2609c,,,,,,
Rv2610c,,,,,,
Rv2611c,,,,,,
Rv2612c,,,,,,
Rv2613c,,,,,,
Rv2614A,,,,,,
Rv2614c,,,,,,
Rv2615c,,,,,,
Rv2616,,,,,,
Rv2617c,,1.41899235,,,2.512460672,2.07324829
Rv2618,,,,,2.054830916,
Rv2619c,,,,,,
Rv2620c,,,,,,2.167447686
Rv2621c,,,,,1.08721347,2.450921344
Rv2622,,,,,1.498220505,
Rv2623,,-1.272880923,,-1.122537851,-2.045778119,-1.809313173
Rv2624c,,,,,-1.836352527,
Rv2625c,,,,-1.183129468,-2.746771925,
Rv2626c,,-1.515379952,-2.476682604,-1.712076066,-3.344694076,-4.842362834
Rv2627c,,-1.071858289,,,-2.663024889,-1.198380612
Rv2628,,,,,-1.508334758,
Rv2629,,,,,-1.149680218,
Rv2630,,,,,,
Rv2631,,,,,,1.991259633
Rv2632c,,2.057434339,,,1.764890247,
Rv2633c,,2.442396925,,,1.893155634,
Rv2634c,,,,,,
Rv2635,,,,,,
Rv2636,,,,,,
Rv2637,,,,,,
Rv2638,,,,,,
Rv2639c,,,,,,
Rv2640c,,,,,,
Rv2641,,,,,-2.161577828,-1.004390933
Rv2642,,,,,-1.47182535,
Rv2643,,,,,-1.396130751,
Rv2644c,,,,,,
Rv2645,,,,,-1.133514632,
Rv2646,,,,,-1.302955834,
Rv2647,,,,,-1.227301221,
Rv2650c,,,,,,
Rv2651c,,1.43096345,,,,
Rv2652c,,,,,,
Rv2653c,,,,,,
Rv2654c,,1.468865487,,,,
Rv2655c,,,,,,
Rv2656c,,1.982561258,,,,
Rv2657c,,,,,,
Rv2658c,,1.518826416,,,1.609389905,2.658887437
Rv2659c,,,,,,
Rv2660c,,,,,,
Rv2661c,,,,,,
Rv2662,,,,,,
Rv2663,,1.692764663,,,1.113173559,
Rv2664,,2.011147994,,,1.444304359,
Rv2665,,,,,,
Rv2667,,,,,,
Rv2668,,,,,,
Rv2669,,1.300938689,,,,
Rv2670c,,,,,-1.275671771,
Rv2671,,,,,,
Rv2672,,,,,,
Rv2673,,,,,-1.270883315,
Rv2674,,,,,,
Rv2675c,,,,,,
Rv2676c,,,,,,
Rv2677c,,,,,,
Rv2678c,,,,,,
Rv2679,,,,,,
Rv2680,,,,,,
Rv2681,,,,,,
Rv2682c,,,,,,
Rv2683,,,,,,
Rv2684,,,,,,
Rv2685,,1.104850321,,,,
Rv2686c,,1.450544119,,,,
Rv2687c,,1.173143332,,,,
Rv2688c,,1.048079538,,,,
Rv2689c,,,,,,
Rv2690c,,,,,,
Rv2691,,,,,,
Rv2692,,,,,,
Rv2693c,,1.072417067,,,,1.4063095
Rv2694c,,1.217503271,,,,1.689354596
Rv2695,,,,,,
Rv2696c,,,,,,
Rv2697c,,,,,,
Rv2698,,,,,,
Rv2699c,,,,,-1.171433218,
Rv2700,,,,,,
Rv2701c,,,,,,
Rv2702,,,,,,
Rv2703,,,,,,
Rv2704,,,,,,
Rv2705c,,1.720376315,,,1.638240865,1.175954376
Rv2706c,,,,,,
Rv2707,,,,,,
Rv2708c,,,,,,
Rv2709,,,,,,
Rv2710,,,,,,
Rv2711,,,,,,
Rv2712c,,,,,,
Rv2713,,,,,,
Rv2714,,,,,-1.434980502,
Rv2715,,,,,-1.374500371,-1.216823206
Rv2716,,,,,-1.421748586,
Rv2717c,,,,,-1.040968891,
Rv2718c,,,,,,
Rv2719c,,,,,-1.79997856,
Rv2720,,,,,,
Rv2721c,,,-1.465859267,,-1.754247547,-2.623459454
Rv2722,,,,,-1.494708337,
Rv2723,,,,,,
Rv2724c,,,,,,
Rv2725c,,,,,,
Rv2726c,,,,,,
Rv2727c,,1.620428578,,,1.370788565,
Rv2728c,,1.825409949,,,1.522269983,1.767877132
Rv2729c,,2.467013287,,,2.149567028,2.415656082
Rv2730,,,,,,
Rv2731,,1.389853382,,,,
Rv2732c,,,,,,
Rv2733c,,,,,,
Rv2734,,,,,-1.063321826,
Rv2735c,,,,,-1.544100585,
Rv2736c,,,,,-1.336375429,
Rv2737c,,,,,-1.434323231,-1.203026294
Rv2738c,,,,,,
Rv2739c,,,,,,
Rv2740,,,,,,
Rv2741,,,,,,
Rv2742c,,,,,,
Rv2743c,,,,,,
Rv2744c,,,,,,
Rv2745c,,,,,,
Rv2746c,,,,,,
Rv2747,,,,,,
Rv2748c,,,,,-1.683069566,
Rv2749,,,,,,
Rv2750,,,,,,
Rv2751,,,,,,
Rv2752c,,,,,,
Rv2753c,,1.313124838,,,,
Rv2754c,,,,,-1.073023749,
Rv2756c,,,,,-1.007816712,
Rv2757c,,,,,-1.376179113,
Rv2758c,,,,,-1.405600264,
Rv2759c,,,,,,
Rv2760c,,,,,,
Rv2761c,,,,,,
Rv2762c,,,,,,
Rv2763c,,,,,,
Rv2764c,,,,,,
Rv2765,,,,,-1.023005085,
Rv2766c,,,,,,
Rv2767c,,,,,,
Rv2768c,,,,,-1.232954328,
Rv2769c,,,,,,
Rv2770c,,,,,,
Rv2771c,,,,,,
Rv2772c,,,,,,
Rv2773c,,,,,,
Rv2774c,,,,,,
Rv2775,,,,,-1.172246747,
Rv2776c,,1.067568279,,,,
Rv2777c,,,,,,
Rv2778c,,,,,-1.473930052,
Rv2779c,,,,,-1.482482061,-1.276105528
Rv2780,,,,,,
Rv2781c,,,,,,
Rv2782c,,,,,,
Rv2783c,,,,,,
Rv2784c,,,,,,
Rv2785c,,,,,,
Rv2786c,,,,,,
Rv2787,,,,,,
Rv2788,,,,,,
Rv2789c,,,,,-1.064827365,
Rv2790c,,,,,,
Rv2791c,,,,,,
Rv2792c,,,,,,
Rv2793c,,,,,,
Rv2794c,,,,,,
Rv2795c,,,,,,
Rv2796c,,,,,-1.451100748,
Rv2797c,,,,,,
Rv2798c,,,,,,
Rv2799,,,,,,
Rv2800,,,,,,
Rv2801A,,,,,,
Rv2801c,,,,,,
Rv2802c,,,,,,
Rv2803,,,,,,-1.206630114
Rv2804c,,,,,,
Rv2805,,,,,,
Rv2806,,,,,,
Rv2807,,,,,-1.271705877,
Rv2808,,,,,-1.089991289,
Rv2809,,,,,,
Rv2811,,,,,,
Rv2812,,,,,,
Rv2813,,,,,-1.423604909,
Rv2816c,,,,,-1.179288713,
Rv2817c,,,,,,
Rv2818c,,,,,,
Rv2819c,,,,,,
Rv2820c,,1.106096107,,,,
Rv2821c,,1.0117785,,,,
Rv2822c,,,,,,
Rv2823c,,,,,,
Rv2824c,,,,,,
Rv2825c,,,,,,
Rv2826c,,,,,,
Rv2827c,,,,,,
Rv2828A,,,,,,
Rv2828c,,,,,,
Rv2829c,,,,,,-1.207968735
Rv2830c,,,,,,
Rv2831,,,,,,-1.330754566
Rv2832c,,,,,-1.677264301,
Rv2833c,,,,,-1.842588145,
Rv2834c,,,,,-1.797989729,
Rv2835c,,,,,,
Rv2836c,,,,,,
Rv2837c,,,,,,
Rv2838c,,,,,,
Rv2839c,,,,,,
Rv2840c,,,,,,
Rv2841c,,,,,,
Rv2842c,,,,,,
Rv2843,,,,,-1.11329136,
Rv2844,,,,,,
Rv2845c,,,,,,
Rv2846c,,,,,,-1.121186725
Rv2847c,,,,,,
Rv2848c,,1.320375729,,,,
Rv2849c,,1.024811387,,,,
Rv2850c,,1.082781989,,,,1.0011412
Rv2851c,,,,,,
Rv2852c,,,,,,
Rv2853,,,,,,
Rv2854,,,,,,
Rv2855,,,,,,
Rv2856,,,,,,
Rv2857c,,,,,-1.073277313,
Rv2858c,,,,,-1.16921141,
Rv2859c,,,,,-1.069631546,
Rv2860c,,,,,-1.003946408,
Rv2861c,,,,,-1.216023208,
Rv2862A,,,,,-1.787606568,
Rv2862c,,,,,,
Rv2863,,,,,,
Rv2864c,,-1.192196479,,,-2.904003098,-1.759840496
Rv2865,,,,,,
Rv2866,,,,,,
Rv2867c,,,,,,
Rv2868c,,,,,,
Rv2869c,,,,,,
Rv2870c,,,,,,
Rv2871,,,,,-1.284063098,
Rv2872,,,,,-1.206777827,
Rv2873,,,,,-1.228724035,
Rv2874,,,,,,
Rv2875,,,,,,
Rv2876,,,,,,
Rv2877c,,,,,,
Rv2878c,,,,,,
Rv2881c,,1.150311812,,,,
Rv2882c,,,,,,
Rv2883c,,,,,,
Rv2884,,,-1.189860692,,,-1.627731894
Rv2885c,,,,,-1.012225763,
Rv2886c,,,,,,
Rv2887,,,,,,
Rv2888c,,,,,,
Rv2889c,,,,,,
Rv2890c,,,,,,
Rv2891,,,,,,
Rv2892c,,,,,,
Rv2893,,,,,,
Rv2894c,,,,,-1.287862229,
Rv2895c,,,,,,
Rv2896c,,,,,,
Rv2897c,,-1.164607004,,,-1.631591176,
Rv2898c,,,,,,
Rv2899c,,,,,,
Rv2900c,,,,,,
Rv2901c,,,,,,
Rv2902c,,,,,,
Rv2903c,,,,,,
Rv2904c,,,,,,
Rv2905,,,,,,
Rv2906c,,,,,,
Rv2907c,,,,,,
Rv2908c,,,,,,
Rv2909c,,,,,,
Rv2910c,,,,,,
Rv2911,,-1.082234521,-1.096458651,,-2.017462573,-1.304349204
Rv2912c,,,,,,
Rv2913c,,,,,,
Rv2914c,,,,,,
Rv2915c,,,,,,
Rv2916c,,,,,,
Rv2917,,-1.495913988,,,-3.247823435,
Rv2918c,,,,,,
Rv2919c,,,,,,
Rv2920c,,,,,,
Rv2921c,,,,,,
Rv2922A,,,,,,
Rv2922c,,,,,,
Rv2923c,,,,,,
Rv2924c,,,,,,
Rv2925c,,,,,,
Rv2926c,,,,,,
Rv2927c,,,,,-1.716251992,
Rv2928,,,,,-1.294483022,
Rv2929,,,,,-1.272781471,
Rv2930,,,,,,
Rv2931,,,,,,
Rv2932,,-1.331721073,,,-1.505477785,
Rv2933,,-1.043774789,,,-1.171201752,
Rv2934,,-1.007413826,,,-1.160155637,
Rv2935,,,,,-1.303885384,
Rv2936,,,,,-1.499610509,
Rv2937,,-1.249164638,,,-2.056080999,
Rv2938,,-1.209585389,,,-1.813948025,
Rv2939,,-1.173219057,,,-1.797754274,
Rv2940c,,,,,-1.056643242,
Rv2941,,,,,,
Rv2942,,,,,,
Rv2943,,,,,-1.429829463,
Rv2943A,,,,,,
Rv2944,,,,,,
Rv2945c,,-2.104934248,,,-2.698043474,
Rv2946c,,-2.059049908,,,-2.55874147,
Rv2947c,-1.234784188,-2.054399877,,,-2.027109728,-1.067930631
Rv2948c,,-1.37186538,,,-1.841040873,-1.412145331
Rv2949c,,-1.141949095,,,-1.780850037,-1.485228581
Rv2950c,,,,,-1.288517223,
Rv2951c,,,,,-1.444078832,-1.474687731
Rv2952,,-1.067608213,,,-2.526602386,-1.508013868
Rv2953,,-1.027098235,,,-2.038240322,-1.45916677
Rv2954c,,,,,-1.119137961,-1.226555237
Rv2955c,,,,,-1.907101406,-1.187969682
Rv2956,,,,,,
Rv2957,,,,,,
Rv2958c,,-1.115219841,,,-2.025420034,
Rv2959c,,,,,-1.906868462,
Rv2960c,,,,,-1.636100247,
Rv2961,,,,,,
Rv2962c,,,,,-1.375795263,
Rv2963,,,,,-1.383709172,
Rv2964,,,,,-1.107172681,
Rv2965c,,,,,,
Rv2966c,,,,,,
Rv2967c,,,,,,
Rv2968c,,,,,,
Rv2969c,,,,,,
Rv2970A,,,,,,
Rv2970c,,,,,,
Rv2971,,,,,,
Rv2972c,,,,,,
Rv2973c,,,,,,
Rv2974c,,,,,,
Rv2975c,,,,,,
Rv2976c,,,,,,
Rv2977c,,,,,,
Rv2978c,,,,,,
Rv2979c,,,,,,
Rv2980,,,,,,
Rv2981c,,,,,,
Rv2982c,,,,,-1.26335538,
Rv2983,,,,,-1.862211098,
Rv2984,,,,,-1.143625152,
Rv2985,,,,,,
Rv2986c,,,,-1.315567915,-1.441171246,-1.158338803
Rv2987c,-1.403303522,,-3.661465224,-2.329624872,,-1.695875702
Rv2988c,-1.096680228,,-3.552135111,-1.69543277,1.177297372,-1.988891755
Rv2989,-1.198783692,,-1.972719302,-1.487271224,1.678422836,
Rv2990c,,-1.559394893,-1.831202924,,-3.439209042,-3.040211877
Rv2991,,,,,,
Rv2992c,,,,,-1.400693975,
Rv2993c,,,,,-1.677341743,
Rv2994,,,,,,
Rv2995c,,,,,,
Rv2996c,,,,,,
Rv2997,,,,,,
Rv2998,,,,,-1.010655944,
Rv2999,,,,,-1.641606703,
Rv3000,,,,,,
Rv3001c,,,,,,
Rv3002c,,,,,,
Rv3003c,,,,,,
Rv3004,,,,,,
Rv3005c,,,,,-1.610603441,-1.482155801
Rv3006,,,,,,
Rv3007c,,,,,,
Rv3008,,,,,,
Rv3009c,,,,,,
Rv3010c,,,,,,
Rv3011c,,,,,-1.157782056,
Rv3012c,,,,,-1.868386547,
Rv3013,,1.018025364,,,,
Rv3014c,,,,,,
Rv3015c,,,,,,
Rv3016,,1.383441177,,,1.065220971,2.414756835
Rv3017c,,,,,,
Rv3018c,,,,,,
Rv3019c,,,,,,
Rv3020c,,,,,,
Rv3021c,,,,,,
Rv3022A,,,,,,
Rv3022c,,,,,,
Rv3023c,,,,,,
Rv3024c,,,,,,
Rv3025c,,,,,,
Rv3026c,,,,,,
Rv3027c,,,,,,1.534340368
Rv3028c,,,,,,
Rv3029c,,,,,,
Rv3030,,,-1.029663518,,,-1.477617645
Rv3031,,,,,,-1.092258814
Rv3032,,,,,,-1.074849563
Rv3032A,,,,,,
Rv3033,,,,,,
Rv3034c,,,,,,
Rv3035,,,,,,
Rv3036c,,1.03401542,,,,
Rv3037c,,,,,,
Rv3038c,,,,,,
Rv3039c,,,,,,
Rv3040c,,,,,,
Rv3041c,,,,,,
Rv3042c,,,,,,
Rv3043c,,,,,,
Rv3044,,,,,,
Rv3045,,1.110886702,,,,
Rv3046c,,1.294201212,,,,
Rv3047c,,-1.464100686,-1.060959529,,-1.584292854,
Rv3048c,,,,,,
Rv3049c,,,,,,
Rv3050c,,,,,,
Rv3051c,,,,,,
Rv3052c,,,,,,
Rv3053c,,,,,,
Rv3054c,,,,,,
Rv3055,,1.150289266,,,,
Rv3056,,,,,,
Rv3057c,,,,,,-1.050388427
Rv3058c,,,,,,-1.24494434
Rv3059,,,,,,
Rv3060c,,,,,,
Rv3061c,,,,,,
Rv3062,,,,,-1.107084709,
Rv3063,,,,,,
Rv3064c,,,,,,
Rv3065,,,,,,
Rv3066,,,,,,
Rv3067,,,,,,
Rv3068c,,,,,-1.05760053,
Rv3069,,,,,,
Rv3070,,,,,,
Rv3071,,,,,,
Rv3072c,,,,,,
Rv3073c,,,,,,
Rv3074,,,,,,
Rv3075c,,,,,-1.085765539,
Rv3076,,,,,-1.230256948,-1.17758942
Rv3077,,,,,-1.142309341,
Rv3078,,,,,,
Rv3079c,,,,,,2.143107276
Rv3080c,,1.233278325,,,,
Rv3081,,,,,,
Rv3082c,,,,,,
Rv3083,,2.188715984,-1.104654122,,1.631422738,-2.49550248
Rv3084,,2.226792505,,,1.690602871,-2.188795692
Rv3085,,2.20965677,,,1.679086801,-2.291064236
Rv3086,,1.912167005,,,1.298321949,-1.242125235
Rv3087,,2.061975993,,,,
Rv3088,,2.263934671,,,1.864296966,
Rv3089,,1.929159651,,,1.412981337,
Rv3090,,,,,-2.260970972,
Rv3091,,,,,,
Rv3092c,,,,,,
Rv3093c,,-3.304142007,,,-3.801244438,
Rv3094c,,-3.023997202,,,-3.436653272,
Rv3095,,-2.078337462,,,-2.081830042,
Rv3096,,-1.195226452,,,-2.211104053,-1.37265395
Rv3097c,,,,,,
Rv3098A,,,,,,
Rv3098c,,1.088401493,,,,
Rv3099c,,,,,,
Rv3100c,,,,,,
Rv3101c,,,,,,
Rv3102c,,,,,,
Rv3103c,,,,,,
Rv3104c,,,,,,
Rv3105c,,,,,,
Rv3106,,,,,-1.434075253,
Rv3107c,,,,,,
Rv3108,,,-1.478590183,,,-1.5850717
Rv3109,,,-1.357889354,,,
Rv3110,,,-1.475746467,,,-1.1323691
Rv3111,,,-1.020802147,,,
Rv3112,,,,,-1.073442073,
Rv3113,,,,,,-1.136277005
Rv3114,,,,,,
Rv3115,,,,,,
Rv3116,,,,,-1.244469864,
Rv3117,,,,,,
Rv3118,,,,,,
Rv3119,,,,,,
Rv3120,,,,,,
Rv3121,,,,,,
Rv3122,,,,,-1.455573339,
Rv3123,,,,,-1.213789445,
Rv3124,,,,,,
Rv3125c,,,,,,
Rv3126c,,,,,-1.173615698,
Rv3127,,-1.22517713,-2.595122628,,-2.796602668,-4.412309953
Rv3128c,,,,,,
Rv3129,,,,,,
Rv3130c,,-1.498160449,-3.752399082,-1.442217328,-3.045939053,-5.897085021
Rv3131,,-2.203332829,-3.734024608,-1.323418128,-3.244734932,-6.29245393
Rv3132c,,,,,,
Rv3133c,,,,,-1.030769472,
Rv3134c,,-1.003164216,-1.034974696,,-2.151600411,-2.192746686
Rv3135,,-2.298267444,,,-3.166721228,
Rv3136,,-1.993493063,,,-3.105477275,
Rv3136A,,,,,,
Rv3137,,-1.757454445,,,-2.551967917,
Rv3138,,,,,-1.183751367,
Rv3139,,,,,,
Rv3140,,,1.499702244,,,
Rv3141,,,,,,
Rv3142c,,,,,,-1.305659466
Rv3143,,,,,-1.764708483,
Rv3144c,,,,,,-1.165963454
Rv3145,,,-1.072812153,,-3.316833554,-3.423101775
Rv3146,,,-1.101296066,,-3.013646229,-3.213252472
Rv3147,,,,,-2.852734568,-2.963507796
Rv3148,,,-1.028600686,,-2.949193271,-2.836418521
Rv3149,,,,,-2.551645589,-2.506059975
Rv3150,,,,,-2.325681965,-2.240370779
Rv3151,,,,,-1.894724764,-1.633794045
Rv3152,,,,,-2.271749033,-2.014350943
Rv3153,,,,,-1.808088873,-1.424803212
Rv3154,,,,,-1.733017458,-1.207181188
Rv3155,,,,,-2.060144375,-1.25818663
Rv3156,,,,,-1.903123245,-1.62826255
Rv3157,,,,,-2.068695923,-1.748139834
Rv3158,,,,,-2.131201252,-1.763066806
Rv3159c,,1.617526212,,,3.111537725,2.041790001
Rv3160c,,2.677519462,,3.285243247,4.116540302,2.403544111
Rv3161c,,3.032632187,,3.564926878,4.46762072,2.480575171
Rv3162c,,,,,,
Rv3163c,,,,,,
Rv3164c,,,,,,
Rv3165c,,,,,,
Rv3166c,,,,,,
Rv3167c,,,,,,
Rv3168,,,,,,
Rv3169,,,,,,
Rv3170,,,,,,
Rv3171c,,,,,-1.17489305,
Rv3172c,,,,,-1.442759768,
Rv3173c,,,,,,
Rv3174,,1.552714355,,,,-1.864881927
Rv3175,,,,-1.0559215,,-1.103873715
Rv3176c,,,,,,
Rv3177,,,,,,-1.079350234
Rv3178,,,,,-2.399529226,-1.645496127
Rv3179,,,,,-1.102772961,
Rv3180c,,,,,,
Rv3181c,,,,,,
Rv3182,,,,,,
Rv3183,,,,,,
Rv3188,,,,,,
Rv3189,,,,,,
Rv3190A,,,,,-1.187096796,
Rv3190c,,,,,-1.980318068,
Rv3191c,,,,,-1.341843377,
Rv3192,,,,,,
Rv3193c,,,,,,
Rv3194c,,,,,,
Rv3195,,,,,,
Rv3196,,,,,,
Rv3196A,,,,,,
Rv3197,,1.271426862,,,1.319232403,
Rv3197A,,,,,-1.199860245,
Rv3198A,,,,,-1.925587852,
Rv3198c,,,,,,
Rv3199c,,,,,,
Rv3200c,,,,,,
Rv3201c,,,,,-1.650579663,
Rv3202c,,,,,-1.75154535,
Rv3203,,,,,,
Rv3204,,1.106565317,,,,
Rv3205c,,,,,,
Rv3206c,,,,,,
Rv3207c,,,,,,
Rv3208,,,,,,
Rv3208A,,,,,,
Rv3209,,,,,-1.5144553,-1.199147641
Rv3210c,,,,,,
Rv3211,,,,,,
Rv3212,,,,,,
Rv3213c,,,,,,
Rv3214,,,,,,
Rv3215,,,,,,
Rv3216,,,,,,
Rv3217c,,,,,,
Rv3218,,,,,-2.078170561,
Rv3219,,1.133142952,,,,
Rv3220c,,,,,-1.117457003,
Rv3221A,,,,,,
Rv3221c,,,,,-1.030809214,
Rv3222c,,,,,,
Rv3223c,,,,,,
Rv3224,,,,,-1.2528876,
Rv3225c,,,,,,
Rv3226c,,,,,,
Rv3227,,,,,,
Rv3228,,,,,,
Rv3229c,,,-4.085359268,,,-4.118979462
Rv3230c,,1.596593176,-1.210174291,,,-1.513050869
Rv3231c,,,,,,
Rv3232c,,,,,-1.388241931,
Rv3233c,,,,,-1.206765304,
Rv3234c,,,,,-1.328505532,-1.051632524
Rv3235,,,,,,
Rv3236c,,,,,,
Rv3237c,,,,,,-1.110098313
Rv3238c,,,,,,
Rv3239c,,,,,,
Rv3240c,,,,,,
Rv3241c,,1.329382341,,,,
Rv3242c,,,,,,
Rv3243c,,,,,,
Rv3244c,,,,,,
Rv3245c,,,,,-1.21292126,
Rv3246c,,,,,-1.818350714,-1.34319635
Rv3247c,,,,,,
Rv3248c,,,,,,
Rv3249c,,1.923931552,,-1.083491645,1.056104709,
Rv3250c,,1.927950608,,-1.122864746,1.010827371,
Rv3251c,,2.00638287,,-1.220413789,1.182734289,
Rv3252c,,1.484419497,,-1.012016207,,
Rv3253c,,,,,-1.481550647,
Rv3254,,,,,,
Rv3255c,,,,,,
Rv3256c,,,,,,
Rv3257c,,,,,,
Rv3258c,,,,,-1.596613792,
Rv3259,,,,,,
Rv3260c,,,,,,
Rv3261,,,,,,
Rv3262,,,,,,
Rv3263,,,,,-1.98262541,
Rv3264c,,,,,,
Rv3265c,,,,,,
Rv3266c,,,,,,
Rv3267,,,,,-1.865630766,
Rv3268,,,,,,
Rv3269,,,,,,3.100452961
Rv3270,,,,,2.007367644,4.200578278
Rv3271c,,,,,-1.271107552,-1.062133225
Rv3272,,,,,,
Rv3273,,,,,,
Rv3274c,,,,,,
Rv3275c,,,,,,
Rv3276c,,,,,-1.132624595,
Rv3277,,,,,-1.250058875,
Rv3278c,,,,,,
Rv3279c,,,,,,
Rv3280,,,,,-1.384331966,
Rv3281,,,,,,
Rv3282,,,,,,
Rv3283,,,,,,
Rv3284,,,,,,
Rv3285,,,,,,
Rv3286c,,,,,,
Rv3287c,,,,,,
Rv3288c,,,,,,
Rv3289c,,,,,,
Rv3290c,,,,,,
Rv3291c,,,,,-1.431288109,-1.11253236
Rv3292,,,,,,
Rv3293,,,,,,
Rv3294c,,,,,,
Rv3295,,,-1.837892887,,-1.537696011,-2.861733162
Rv3296,,,,,,
Rv3297,,,,,,
Rv3298c,,,,,,
Rv3299c,,,,,,
Rv3300c,,,,,,
Rv3301c,,,,,,
Rv3302c,,,,,,
Rv3303c,,,,,,
Rv3304,,,,,-1.296922793,
Rv3305c,,,,,,
Rv3306c,,,,,,
Rv3307,,,,,,
Rv3308,,,,,,
Rv3309c,,,,,,
Rv3310,,,,,-2.503820648,-2.079416632
Rv3311,,,,,-2.085850578,
Rv3312A,,,,,,-2.205983772
Rv3312c,,,,,,
Rv3313c,,,,,,-1.11821779
Rv3314c,,,,,,
Rv3315c,,,,,,
Rv3316,,,,,,
Rv3317,,,,,,
Rv3318,,,,,,
Rv3319,,,,,,
Rv3320c,,-1.806505703,-1.21199814,,-2.897073625,-2.249374551
Rv3321c,,-1.064667016,,,-1.861836004,-1.667900979
Rv3322c,,,,,,
Rv3323c,,,,,,
Rv3324A,,,,,-1.741529484,
Rv3324c,,,,,,
Rv3327,,,,,,
Rv3328c,,,,,,
Rv3329,,,,,,
Rv3330,,,,,-1.890281708,-1.15528432
Rv3331,,,-1.480205609,,-1.112371315,-2.374113973
Rv3332,,,-1.563024906,,,-2.384597591
Rv3333c,,,,,,
Rv3334,,,,,,
Rv3335c,,,,,,
Rv3336c,,,,,-1.139806303,
Rv3337,,,-1.119304563,,,
Rv3339c,,,,,,
Rv3340,,,,,,
Rv3341,,,,,,
Rv3342,,,,,,
Rv3343c,,,,,-1.11878909,
Rv3344c,,,,,,
Rv3345c,,,,,,
Rv3346c,,,,,,
Rv3347c,,,,,,
Rv3348,,,,,,
Rv3349c,,,,,,
Rv3350c,,,,,-1.394815631,
Rv3351c,,,,,,
Rv3352c,,,,,-1.381656274,
Rv3353c,,,,,-1.252619482,
Rv3354,,,-1.755241999,,,-1.171028352
Rv3355c,,,,,,
Rv3356c,,,,,,
Rv3357,,,,,,
Rv3358,,,,,,
Rv3359,,,,,,
Rv3360,,,,,,
Rv3361c,,,,,,
Rv3362c,,,,,,
Rv3363c,,,,,,
Rv3364c,,,,,,
Rv3365c,,,,,,
Rv3366,,-1.291738468,,,-2.688488101,-1.567916503
Rv3367,,,,,,
Rv3368c,,,,,-1.359732889,
Rv3369,,,,,-1.401932742,
Rv3370c,,,,,,
Rv3371,,2.387572789,,,1.648218847,
Rv3372,,,,,,
Rv3373,,,,,,
Rv3374,,,,,-1.116555559,
Rv3375,,,,,,
Rv3376,,,,,-1.684844321,
Rv3377c,,,,,-1.170462238,
Rv3378c,,,,,-1.852777228,
Rv3379c,,,,,-1.214398357,
Rv3382c,,,,,,
Rv3383c,,,,,-1.158251283,-1.453257161
Rv3384c,,,,,,
Rv3385c,,,,,,
Rv3386,,,,,,
Rv3387,,,,,,
Rv3388,,,,,,
Rv3389c,,,,,,
Rv3390,,,-1.329902963,,,-1.906525929
Rv3391,,,,,,
Rv3392c,,,,,-2.072655478,
Rv3393,,,,,-1.502966381,
Rv3394c,,,,,,
Rv3395A,,,,,-1.847033883,
Rv3395c,,,,,,
Rv3396c,,,,,-1.150773766,
Rv3397c,,,,,-2.14328392,
Rv3398c,,,,,-1.543826878,
Rv3399,,,,,-2.206332755,
Rv3400,,,,,-1.224485121,
Rv3401,,,,,-1.391071164,
Rv3402c,,5.256321918,,,5.640952618,3.923922443
Rv3403c,,2.416063986,,,2.782626479,2.283294346
Rv3404c,,,,,-1.091584961,
Rv3405c,,,,,,-1.00349915
Rv3406,,,,-2.503142472,-2.052181248,-1.154030236
Rv3407,,,-1.128896036,,-1.129111395,-1.537098989
Rv3408,,,,,-1.193535506,-1.241397802
Rv3409c,,,,,,
Rv3410c,,,,,,
Rv3411c,,,,,,
Rv3412,,,,,,
Rv3413c,,,,,,-1.969203937
Rv3414c,,,-1.189908225,,-1.163063045,-2.233376818
Rv3415c,,,,,,
Rv3416,,1.611156018,,,,
Rv3417c,,,,,,
Rv3418c,,,,,,
Rv3419c,,,,,-1.078182428,
Rv3420c,,,,,,1.297811466
Rv3421c,,,,,,
Rv3422c,,,,,-1.493099009,
Rv3423c,,,,,-1.659002475,
Rv3424c,,,,,,1.459076855
Rv3425,,-2.424285681,,,-2.92139819,
Rv3426,,-2.611098946,,,-3.542350595,-1.668203049
Rv3427c,,,,,-1.363045253,
Rv3428c,,,,,-1.038477103,
Rv3429,,,,,-1.511518522,
Rv3430c,,,,,,
Rv3432c,,,,,,
Rv3433c,,,,,,
Rv3434c,,,,,,
Rv3435c,,,,,,
Rv3436c,,,,,,
Rv3437,,,,,,
Rv3438,,,,,,
Rv3439c,,,,,-1.099550487,
Rv3440c,,,,,,
Rv3441c,,,,,,
Rv3442c,,,,,,
Rv3443c,,,,,,
Rv3444c,,,,,-1.766646895,-1.146075354
Rv3445c,,,,,-1.673343839,
Rv3446c,,,,,,
Rv3447c,,,,,,
Rv3448,,,,,-1.998344101,
Rv3449,,,,,-1.401941735,
Rv3450c,,,,,,
Rv3451,,,,,,
Rv3452,,,,,-1.191713077,
Rv3453,,,,,-1.124050904,
Rv3455c,,,,,,
Rv3456c,,,,,,
Rv3457c,,,,,,
Rv3458c,,,,,,
Rv3459c,,,,,,
Rv3460c,,,,,,
Rv3461c,,,,,,
Rv3462c,,,,,,
Rv3463,,,,,-1.286635192,
Rv3464,,,,,-1.288656202,
Rv3465,,,,,-1.036176303,
Rv3466,,,,,-1.177599143,
Rv3467,,,,,-1.97233373,
Rv3468c,,,,,-1.263499319,
Rv3469c,,,,,,
Rv3470c,,,,,,
Rv3471c,,,,,,
Rv3472,,,,,,
Rv3473c,,,,,,
Rv3476c,,,,,,
Rv3477,,1.529930147,,,,-2.297340274
Rv3478,,1.417258541,,,,-2.070938962
Rv3479,,1.449095441,,,,-1.674031425
Rv3480c,,,,,,
Rv3481c,,,,,-1.435747489,
Rv3482c,,,,,,
Rv3483c,,,,,,
Rv3484,,,,,,
Rv3485c,,,,,,-2.289808778
Rv3486,,,,,-1.261537675,
Rv3487c,,1.230643476,,,1.122412065,-1.961314593
Rv3488,,,,,,
Rv3489,,,,,,
Rv3490,,,,,,
Rv3491,,,,,,
Rv3492c,,1.236549385,,,,
Rv3493c,,1.176748648,,,,
Rv3494c,,1.192894933,,,,
Rv3495c,,1.083414982,,,,
Rv3496c,,1.125505532,,,,
Rv3497c,,,,,,
Rv3498c,,,,,,
Rv3499c,,,,,,
Rv3500c,,,,,,
Rv3501c,,,,,,
Rv3502c,,,,,,
Rv3503c,,,,,,
Rv3504,,,,,,
Rv3505,,,,,,
Rv3506,,,,,,
Rv3507,,,,,,1.74304003
Rv3508,,,,,,
Rv3509c,,,,,,
Rv3510c,,,,,,
Rv3511,,,,,,
Rv3512,,,,,,
Rv3513c,,,,,,
Rv3514,,,,,,
Rv3515c,,,,,,
Rv3516,,,,,,
Rv3517,,,,,-1.881756342,
Rv3518c,,,,,,
Rv3519,,,,,,
Rv3520c,,,,,,
Rv3521,,,,,,
Rv3522,,,,,,
Rv3523,,,,,,
Rv3524,,,,,-2.243662139,
Rv3525c,,,,,-1.185674763,
Rv3526,,,,,,
Rv3527,,,,,,
Rv3528c,,,,,-1.028570591,
Rv3529c,,,,,,
Rv3530c,,,,,,
Rv3531c,,,,,,
Rv3532,,,,,,
Rv3533c,,,,,,1.256722268
Rv3534c,,,,,,1.541190658
Rv3535c,,,,,,
Rv3536c,,,,,,
Rv3537,,,,,,
Rv3538,,,,,,
Rv3539,,,,,,
Rv3540c,,,,,,
Rv3541c,,,,,,
Rv3542c,,,,,,
Rv3543c,,,,,,
Rv3544c,,,,,,
Rv3545c,,,,,,
Rv3546,,,,,,
Rv3547,,,,,-1.450891775,
Rv3548c,,,,,,
Rv3549c,,,1.589706574,,,
Rv3550,,,,,,
Rv3551,,,1.562803888,,,
Rv3552,,,1.627674699,,,
Rv3553,,,,,,
Rv3554,,,,,-1.723801935,
Rv3555c,,,,,,
Rv3556c,,,,,-1.043350057,
Rv3557c,,,,,-1.168333883,
Rv3558,,,,,-1.315893395,
Rv3559c,,,,,,
Rv3560c,,,,,-1.413293323,
Rv3561,,,,,-1.234293703,
Rv3562,,,,,,
Rv3563,,,,,,
Rv3564,,,,,,
Rv3565,,,,,,
Rv3566A,,,,,,
Rv3566c,,,,,,
Rv3567c,,,,,,
Rv3568c,,,,,,
Rv3569c,,,,,,
Rv3570c,,,,,,
Rv3571,,,,,,
Rv3572,,1.813556708,,,1.486451816,-1.036252718
Rv3573c,,,,,,
Rv3574,,,,,,
Rv3575c,,,,,-1.191275852,
Rv3576,,,,,-1.909875583,
Rv3577,,,,,-1.45823624,
Rv3578,,,,,-1.052596653,
Rv3579c,,,,,,
Rv3580c,,,,,,
Rv3581c,,,,,,
Rv3582c,,,,,,
Rv3583c,,,,,,
Rv3584,,,,,,
Rv3585,,,,,,
Rv3586,,,,,,-1.034510893
Rv3587c,,,,,-1.888114619,-1.015532028
Rv3588c,,,,,,
Rv3589,,,,,-1.474916564,
Rv3590c,,,,,,
Rv3591c,,,,,-2.04308172,-1.4830369
Rv3592,,,,,-1.265730473,
Rv3593,,,,,,
Rv3594,,,,,,
Rv3595c,,,,,,1.192942541
Rv3596c,,,,,,
Rv3597c,,,,,-1.092447284,
Rv3598c,,,,,,
Rv3600c,,,,,,
Rv3601c,,,,,,
Rv3602c,,,,,,
Rv3603c,,,,,,
Rv3604c,,,,,-1.60562223,
Rv3605c,,,,,,
Rv3606c,,,,,,
Rv3607c,,,,,,
Rv3608c,,,,,,
Rv3609c,,,,,,
Rv3610c,,,,,,
Rv3612c,,2.458391934,,,2.875495495,
Rv3613c,,2.727346649,,,3.021835932,
Rv3614c,,2.842750769,,,3.08384464,
Rv3615c,,3.095818943,,,3.138110155,
Rv3616c,,2.776677138,,,2.926747495,
Rv3617,,,,,,
Rv3618,,,,,1.158033435,-1.102757537
Rv3619c,,,,,,
Rv3620c,,,,,,
Rv3621c,,,,,,
Rv3622c,,,,,,
Rv3623,,,-1.048498702,,-1.88709388,-1.571004646
Rv3624c,,,,,,
Rv3625c,,,,,,
Rv3626c,,,,,,1.193847952
Rv3627c,,,,,,
Rv3628,,,,,,
Rv3629c,,,,,,
Rv3630,,,,,,
Rv3631,,,,,-1.240358879,
Rv3632,,,,,,
Rv3633,,1.443210894,,,,-1.400607926
Rv3634c,,,,,-1.181386176,
Rv3635,,,,,-1.613299917,
Rv3636,,,,,,
Rv3638,,,,,-1.128634905,
Rv3639c,,,,,,
Rv3640c,,,,,,
Rv3641c,,,,,,
Rv3642c,,,,,,
Rv3643,-2.149527008,,,,-1.854323968,
Rv3644c,,,,,,
Rv3645,,,,,,
Rv3646c,,,,,-1.203463628,
Rv3647c,,,,,,-1.781646773
Rv3648c,,,,,,-2.167499077
Rv3649,,,,,-1.33699597,
Rv3650,,,,,-1.296120672,
Rv3651,,,,,-2.33168221,
Rv3652,,,,,,
Rv3653,,,,,,
Rv3654c,,,,,,
Rv3655c,,,,,,
Rv3656c,,,,,,
Rv3657c,,,,,,
Rv3658c,,,,,,
Rv3659c,,,,,,
Rv3660c,,,,,,
Rv3661,,,,,,
Rv3662c,,,,,,
Rv3663c,,,,,,
Rv3664c,,,,,,
Rv3665c,,,,,-1.152853746,
Rv3666c,,,,,-1.681532011,
Rv3667,,,,,,
Rv3668c,,,,,,
Rv3669,,,,,,
Rv3670,,,,,,
Rv3671c,,,,,,
Rv3672c,,,,,,
Rv3673c,,,,,,
Rv3674c,,,,,,
Rv3675,,,,,,
Rv3676,,,,,,
Rv3677c,,,,,,
Rv3678A,,,,,,
Rv3678c,,,,,,
Rv3679,,,,,,
Rv3680,,,,,,
Rv3681c,,,,,,
Rv3682,,,,,,
Rv3683,,,,,,
Rv3684,,,,,,
Rv3685c,,,,,,-1.046870841
Rv3686c,,,-1.109385633,,,-2.163105248
Rv3687c,,,,,-1.108201811,
Rv3688c,,,,,,
Rv3689,,,,,,-1.199637339
Rv3690,,,,,,
Rv3691,,,,,,
Rv3692,,,,,,
Rv3693,,,,,,
Rv3694c,,,,,,
Rv3695,,,,,,
Rv3696c,,,,,-1.440532222,
Rv3697A,,,,,-1.329966377,
Rv3697c,,,,,-1.211969234,
Rv3698,,,,,,
Rv3699,,,,,,
Rv3700c,,1.387553244,,,,
Rv3701c,,1.070238305,,,,
Rv3702c,,1.121700779,,,1.199645227,
Rv3703c,,,,,,
Rv3704c,,,,,,
Rv3705A,,,,,,-1.170148904
Rv3705c,,,,,,-1.69481124
Rv3706c,,,,,,
Rv3707c,,,,,,
Rv3708c,,,,,,
Rv3709c,,,,,,
Rv3710,,,,,,
Rv3711c,,,,,-2.009380891,-1.996118759
Rv3712,,,,,-1.105095892,
Rv3713,,,,,-1.021603626,-1.060020973
Rv3714c,,,,,-1.512978616,
Rv3715c,,,,,-1.291896929,
Rv3716c,,,,,-1.557555081,
Rv3717,,,,,-1.46007093,-1.572504945
Rv3718c,,,,,-1.038987488,
Rv3719,,,,,,
Rv3720,,,,,,
Rv3721c,,,,,,
Rv3722c,,,,,,
Rv3723,,,,,,
Rv3725,,,,,-1.175796125,
Rv3726,,,,,,-1.355681807
Rv3727,,,,,-1.104239542,-1.327355486
Rv3728,,,,,-1.977265299,
Rv3729,,,,,,-1.146507655
Rv3730c,,,,,-1.076880314,
Rv3731,,,,,-1.368272013,
Rv3732,,,,,,
Rv3733c,,1.399713327,,,,
Rv3734c,,1.198693848,,,,-1.247954684
Rv3735,,,,,,
Rv3736,,,,,,
Rv3737,,,,,-1.059432704,
Rv3738c,,,,,-1.100823581,
Rv3739c,,,,,-1.120974526,
Rv3740c,,,,,,
Rv3741c,,,,-1.706796223,,-1.32998547
Rv3742c,,,,-1.669288697,,-1.959926991
Rv3743c,,1.297610814,,,2.150735054,
Rv3744,,,,,,
Rv3745c,,,,,,
Rv3746c,,,,,,
Rv3747,,,,,,
Rv3748,,,,,,
Rv3749c,,,,,,
Rv3750c,,,,,,
Rv3752c,,,,,,
Rv3753c,,,,,,-1.396925505
Rv3754,,,,,,
Rv3755c,,,,,,
Rv3756c,,,,,-1.122906668,
Rv3757c,,,,,-1.11623038,
Rv3758c,,,,,,
Rv3759c,,,,,-1.298329273,
Rv3760,,,,,-1.438623622,
Rv3761c,,,,,-1.824771202,
Rv3762c,,,,,,
Rv3763,,,,,,-1.507006457
Rv3764c,,,,,,
Rv3765c,,,,,,
Rv3766,,,,,-1.48575507,
Rv3767c,,,,,,
Rv3768,,,,,-1.070657697,
Rv3769,,,,,,
Rv3770c,,,,,,
Rv3771c,,,,,,
Rv3772,,,,,,
Rv3773c,,,,,,
Rv3774,,,,,-1.106703196,
Rv3775,,,,,,
Rv3776,,,,,,
Rv3777,,,,,,
Rv3778c,,,,,,
Rv3779,,,,,,
Rv3780,,,,,,
Rv3781,,,,,,
Rv3782,,,,,,
Rv3783,,,,,,
Rv3784,,,,,,
Rv3785,,,,,,
Rv3786c,,,,,,
Rv3787c,,,,,-1.009099884,
Rv3788,,,,,,
Rv3789,,,,,,
Rv3790,,,,,-1.310834265,-1.031710664
Rv3791,,,,,-1.266477238,-1.451968078
Rv3792,,,,,,
Rv3793,,,,,-1.062040431,-1.321421475
Rv3794,,,,,-1.124760954,-1.13713986
Rv3795,,,,,-1.23532605,-1.387772973
Rv3796,,,,,-1.577927966,
Rv3797,,,,,,
Rv3798,,,,,,
Rv3799c,,,,,,
Rv3800c,,,,,,
Rv3801c,,,,,,
Rv3802c,,,,,,
Rv3803c,,,,,,
Rv3804c,,,,,,
Rv3805c,,,,,,
Rv3806c,,,,,,
Rv3807c,,,,,,
Rv3808c,,,,,,
Rv3809c,,,,,,
Rv3810,,,,,-1.344391604,-2.471897717
Rv3811,,,,,-1.849400649,-1.036976838
Rv3812,,,,,-1.174481901,
Rv3813c,,,,,,
Rv3814c,,,,,,
Rv3815c,,,,,,
Rv3816c,,,,,,
Rv3817,,,,,,
Rv3818,,,,,,
Rv3819,,,,,,
Rv3820c,,,,,-1.120460916,
Rv3821,,,,,,
Rv3822,,1.193245096,,,,-1.388007077
Rv3823c,,1.860050728,,,1.928862471,
Rv3824c,,2.105704593,,,2.23592364,
Rv3825c,,2.529225781,,,2.971137943,
Rv3826,,,,,,
Rv3827c,,,,,-1.192604044,
Rv3828c,,,,,,
Rv3829c,,,,,,
Rv3830c,,,,,,
Rv3831,,,,,,-1.688488409
Rv3832c,,,,,,
Rv3833,,,,,-1.097447672,
Rv3834c,,,,,,
Rv3835,,,,,,
Rv3836,,,,,,
Rv3837c,,,,,,
Rv3838c,,,,,,
Rv3839,,5.679752622,,,6.390904527,4.654076385
Rv3840,,4.46202886,,,5.342778564,3.767149618
Rv3841,,-1.522088654,,,-5.273313714,
Rv3842c,,1.166574157,,,,
Rv3843c,,,,,,
Rv3844,,1.04292253,,,,
Rv3845,,1.205431568,,,,
Rv3846,,,,,-1.438248721,-1.152763892
Rv3847,,,,,-1.355956529,
Rv3848,,,,,,
Rv3849,,,,,,-2.376043525
Rv3850,,,,,,
Rv3851,,,,,,
Rv3852,,,,,,
Rv3853,,1.304893301,,,,
Rv3854c,,,,-1.246976509,-1.425032774,-1.559026602
Rv3855,,,,-1.174609954,-1.731923098,
Rv3856c,,,,,,
Rv3857c,,,,,,
Rv3858c,,,,,,
Rv3859c,,,,,,
Rv3860,,,,,,
Rv3861,,,,,,
Rv3862c,,-2.534725511,,-1.093627041,-2.736438905,2.622812409
Rv3863,,,,,-1.629290502,
Rv3864,,,,,,
Rv3865,,,,,,
Rv3866,,,,,,
Rv3867,,,,,,
Rv3868,,,,,,
Rv3869,,,,,,
Rv3870,,,,,,
Rv3871,,,,,,
Rv3872,,,,,-1.430568298,
Rv3873,,,,,-1.397868993,
Rv3874,,,,,,
Rv3875,,,,,,
Rv3876,,,,,,
Rv3877,,,,,,
Rv3878,,,,,-1.290432041,
Rv3879c,,,,,,
Rv3880c,,,,,,
Rv3881c,,,,,,
Rv3882c,,,,,-1.682171068,
Rv3883c,,,,,-1.645092777,
Rv3884c,,,,,,
Rv3885c,,,,,,
Rv3886c,,,,,,
Rv3887c,,,,,,
Rv3888c,,,,,,
Rv3889c,,,,,,
Rv3890c,,,,,-1.4071132,-1.130068236
Rv3891c,,,,,-1.184603304,
Rv3892c,,-1.002142606,,,-1.905905566,
Rv3893c,,,,,-1.562395023,
Rv3894c,,,,,,
Rv3895c,,,,,,
Rv3896c,,,,,,
Rv3897c,,,,,,
Rv3898c,,,,,,
Rv3899c,,,,,,
Rv3900c,,,,,-1.105438664,
Rv3901c,,,,,,
Rv3902c,,,,,-1.075430892,
Rv3903c,,,,,-1.119137983,
Rv3904c,,,,,,
Rv3905c,,,,,,
Rv3906c,,,,,,
Rv3907c,,,,,,
Rv3908,,,,,,
Rv3909,,,,,-1.033434602,
Rv3910,,,,,,
Rv3911,,,,,,
Rv3912,,,,,,
Rv3913,,,,,,
Rv3914,,,,,,
Rv3915,,,,,,
Rv3916c,,,,,,
Rv3917c,,,,,,
Rv3918c,,,,,,
Rv3919c,,,,,,
Rv3920c,,,,,,-1.546958178
Rv3921c,,,,,-1.018379334,-1.442667924
Rv3922c,,-1.094839736,,,,-1.007153107
Rv3923c,,,,,,
Rv3924c,,,,,,